-- MySQL dump 10.13  Distrib 8.0.32, for Linux (x86_64)
--
-- Host: localhost    Database: ams
-- ------------------------------------------------------
-- Server version	8.0.32

/*!40101 SET @OLD_CHARACTER_SET_CLIENT=@@CHARACTER_SET_CLIENT */;
/*!40101 SET @OLD_CHARACTER_SET_RESULTS=@@CHARACTER_SET_RESULTS */;
/*!40101 SET @OLD_COLLATION_CONNECTION=@@COLLATION_CONNECTION */;
/*!50503 SET NAMES utf8mb4 */;
/*!40103 SET @OLD_TIME_ZONE=@@TIME_ZONE */;
/*!40103 SET TIME_ZONE='+00:00' */;
/*!40014 SET @OLD_UNIQUE_CHECKS=@@UNIQUE_CHECKS, UNIQUE_CHECKS=0 */;
/*!40014 SET @OLD_FOREIGN_KEY_CHECKS=@@FOREIGN_KEY_CHECKS, FOREIGN_KEY_CHECKS=0 */;
/*!40101 SET @OLD_SQL_MODE=@@SQL_MODE, SQL_MODE='NO_AUTO_VALUE_ON_ZERO' */;
/*!40111 SET @OLD_SQL_NOTES=@@SQL_NOTES, SQL_NOTES=0 */;

--
-- Table structure for table `cache`
--

DROP TABLE IF EXISTS `cache`;
/*!40101 SET @saved_cs_client     = @@character_set_client */;
/*!50503 SET character_set_client = utf8mb4 */;
CREATE TABLE `cache` (
  `key` varchar(255) COLLATE utf8mb4_unicode_ci NOT NULL,
  `value` mediumtext COLLATE utf8mb4_unicode_ci NOT NULL,
  `expiration` int NOT NULL,
  PRIMARY KEY (`key`)
) ENGINE=InnoDB DEFAULT CHARSET=utf8mb4 COLLATE=utf8mb4_unicode_ci;
/*!40101 SET character_set_client = @saved_cs_client */;

--
-- Dumping data for table `cache`
--

LOCK TABLES `cache` WRITE;
/*!40000 ALTER TABLE `cache` DISABLE KEYS */;
/*!40000 ALTER TABLE `cache` ENABLE KEYS */;
UNLOCK TABLES;

--
-- Table structure for table `cache_locks`
--

DROP TABLE IF EXISTS `cache_locks`;
/*!40101 SET @saved_cs_client     = @@character_set_client */;
/*!50503 SET character_set_client = utf8mb4 */;
CREATE TABLE `cache_locks` (
  `key` varchar(255) COLLATE utf8mb4_unicode_ci NOT NULL,
  `owner` varchar(255) COLLATE utf8mb4_unicode_ci NOT NULL,
  `expiration` int NOT NULL,
  PRIMARY KEY (`key`)
) ENGINE=InnoDB DEFAULT CHARSET=utf8mb4 COLLATE=utf8mb4_unicode_ci;
/*!40101 SET character_set_client = @saved_cs_client */;

--
-- Dumping data for table `cache_locks`
--

LOCK TABLES `cache_locks` WRITE;
/*!40000 ALTER TABLE `cache_locks` DISABLE KEYS */;
/*!40000 ALTER TABLE `cache_locks` ENABLE KEYS */;
UNLOCK TABLES;

--
-- Table structure for table `documents`
--

DROP TABLE IF EXISTS `documents`;
/*!40101 SET @saved_cs_client     = @@character_set_client */;
/*!50503 SET character_set_client = utf8mb4 */;
CREATE TABLE `documents` (
  `id` bigint unsigned NOT NULL AUTO_INCREMENT,
  `user_id` bigint unsigned NOT NULL,
  `instance_id` bigint unsigned NOT NULL,
  `doc_type` enum('central','east') COLLATE utf8mb4_unicode_ci NOT NULL,
  `number` varchar(255) COLLATE utf8mb4_unicode_ci NOT NULL,
  `issue_date` datetime DEFAULT NULL,
  `verification_date` datetime DEFAULT NULL,
  `subject` text COLLATE utf8mb4_unicode_ci,
  `from` varchar(255) COLLATE utf8mb4_unicode_ci DEFAULT NULL,
  `file` varchar(255) COLLATE utf8mb4_unicode_ci DEFAULT NULL,
  `phone` varchar(255) COLLATE utf8mb4_unicode_ci DEFAULT NULL,
  `next_action` mediumtext COLLATE utf8mb4_unicode_ci,
  `corrective_action` mediumtext COLLATE utf8mb4_unicode_ci,
  `description` mediumtext COLLATE utf8mb4_unicode_ci,
  `created_at` timestamp NULL DEFAULT NULL,
  `updated_at` timestamp NULL DEFAULT NULL,
  `petugas` varchar(255) COLLATE utf8mb4_unicode_ci DEFAULT NULL,
  PRIMARY KEY (`id`),
  KEY `documents_user_id_foreign` (`user_id`),
  KEY `documents_instance_id_foreign` (`instance_id`),
  CONSTRAINT `documents_instance_id_foreign` FOREIGN KEY (`instance_id`) REFERENCES `instances` (`id`) ON DELETE CASCADE,
  CONSTRAINT `documents_user_id_foreign` FOREIGN KEY (`user_id`) REFERENCES `users` (`id`) ON DELETE CASCADE
) ENGINE=InnoDB AUTO_INCREMENT=344 DEFAULT CHARSET=utf8mb4 COLLATE=utf8mb4_unicode_ci;
/*!40101 SET character_set_client = @saved_cs_client */;

--
-- Dumping data for table `documents`
--

LOCK TABLES `documents` WRITE;
/*!40000 ALTER TABLE `documents` DISABLE KEYS */;
INSERT INTO `documents` VALUES (1,1,1,'central','11463','2024-02-15 10:24:40','2024-02-16 08:14:11','Daftar Ulang Izin Operasional Satuan Pendidikan KB','GALUH YULIANINGRUM',NULL,NULL,'berkas sesuai persyaratan administrasi',NULL,'Lanjut ke OPD','2024-05-26 18:55:22','2024-05-26 18:55:22',NULL),(2,1,1,'central','26410','2024-02-16 19:50:52','2024-02-16 09:29:38','Daftar Ulang Izin Operasional Satuan Pendidikan SD','YUNELA MINANTYA PUTRI ANTORO',NULL,NULL,'berkas sesuai persyaratan administrasi',NULL,'Lanjut ke OPD','2024-05-26 18:55:22','2024-05-26 18:55:22',NULL),(3,1,1,'central','29584','2024-02-16 13:22:35','2024-02-16 13:55:34','Daftar Ulang Izin Operasional Satuan Pendidikan PPT','MOETMAINAH',NULL,NULL,'berkas sesuai persyaratan administrasi ',NULL,'Lanjut ke OPD','2024-05-26 18:55:22','2024-05-26 18:55:22',NULL),(4,1,1,'central','32077','2024-02-16 18:18:01','2024-02-16 09:29:38','Daftar Ulang Izin Operasional Satuan Pendidikan LKP','MICHAEL ADIWIJAYA',NULL,NULL,'berkas sesuai persyaratan administrasi',NULL,'Lanjut ke OPD','2024-05-26 18:55:22','2024-05-26 18:55:22',NULL),(5,1,1,'central','33508','2024-02-16 16:25:11','2024-02-16 13:55:34','Perubahan Izin Operasional Pendidikan TK','UMI MUKHOYAROH',NULL,NULL,'berkas sesuai persyaratan administrasi ',NULL,'Lanjut ke OPD','2024-05-26 18:55:22','2024-05-26 18:55:22',NULL),(6,1,1,'central','34056','2024-02-16 07:00:44','2024-02-16 09:44:54','KRK Non Rumah Tinggal','GANI TJIPTOSARI',NULL,NULL,'berkas sesuai persyaratan administrasi',NULL,'Lanjut ke OPD','2024-05-26 18:55:22','2024-05-26 18:55:22',NULL),(7,1,1,'central','34173','2024-02-16 08:46:18','2024-02-16 09:29:38','Izin Pemakaian Gedung/Fasilitas Pusat Pendidikan dan Pelatihan Ketrampilan Tenaga Kebakaran','KUNCORO TANUDIRJO',NULL,NULL,'berkas sesuai persyaratan administrasi',NULL,'Lanjut ke OPD','2024-05-26 18:55:22','2024-05-26 18:55:22',NULL),(8,1,1,'central','34213','2024-02-16 10:59:58','2024-02-16 09:44:54','Izin Pemakaian Ruang Terbuka Hijau','YUNIAR REZA PAHLEVI',NULL,NULL,'berkas sesuai persyaratan administrasi',NULL,'Lanjut ke OPD','2024-05-26 18:55:22','2024-05-26 18:55:22',NULL),(9,1,2,'central','34267','2024-02-16 15:20:15','2024-02-16 09:44:54','KRK Non Rumah Tinggal','ERICK SOEDJIONO',NULL,NULL,'berkas sesuai persyaratan administrasi',NULL,'Lanjut ke OPD','2024-05-26 18:55:22','2024-05-26 18:55:22',NULL),(10,1,2,'central','34297','2024-02-16 09:27:35','2024-02-16 09:44:54','KRK Rumah Tinggal Tidak Sederhana','ANDI SULIANTUSO',NULL,NULL,'berkas sesuai persyaratan administrasi',NULL,'Lanjut ke OPD','2024-05-26 18:55:22','2024-05-26 18:55:22',NULL),(11,1,1,'central','34385','2024-02-16 10:29:42','2024-02-16 13:55:34','Daftar Ulang Izin Operasional Satuan Pendidikan TK','USWATUN HASANAH',NULL,NULL,'berkas sesuai persyaratan administrasi ',NULL,'Lanjut ke OPD','2024-05-26 18:55:22','2024-05-26 18:55:22',NULL),(12,1,1,'central','34409','2024-02-16 10:29:42','2024-02-16 13:55:34','Daftar Ulang Izin Operasional Satuan Pendidikan TK','NURUL CHOIRIAH BUDIY UTAMI, S.PSI',NULL,NULL,'berkas sesuai persyaratan administrasi ',NULL,'Lanjut ke OPD','2024-05-26 18:55:22','2024-05-26 18:55:22',NULL),(13,1,1,'central','34592','2024-02-16 23:25:35','2024-02-16 13:55:34','Daftar Ulang Izin Operasional Satuan Pendidikan PPT','SUMINTEN',NULL,NULL,'berkas sesuai persyaratan administrasi ',NULL,'Lanjut ke OPD','2024-05-26 18:55:22','2024-05-26 18:55:22',NULL),(14,1,1,'central','34625','2024-02-16 12:30:38','2024-02-16 13:55:34','Daftar Ulang Izin Operasional Satuan Pendidikan TK','DINA SHIDQIYYA',NULL,NULL,'berkas sesuai persyaratan administrasi ',NULL,'Lanjut ke OPD','2024-05-26 18:55:22','2024-05-26 18:55:22',NULL),(15,1,1,'central','34673','2024-02-16 00:06:45','2024-02-16 13:55:34','NON KOMERSIAL - Pemakaian Lapangan Softball Dharmawangsa','MOCHAMMAD ROMLI ROSYIDI',NULL,NULL,'berkas sesuai persyaratan administrasi ',NULL,'Lanjut ke OPD','2024-05-26 18:55:22','2024-05-26 18:55:22',NULL),(16,1,1,'central','245601','2024-02-16 17:14:38','2024-02-16 13:55:34','Perpanjangan Izin Pemakaian Tanah','KARTA GUNAWAN',NULL,NULL,'berkas sesuai persyaratan administrasi (skrk sesuai dengan IPT)',NULL,'Lanjut ke OPD','2024-05-26 18:55:22','2024-05-26 18:55:22',NULL),(17,1,1,'central','10325 / 14 Januari 2024 * Kembali','2024-02-16 08:11:33','2024-02-16 14:20:59','Sarana-Cabut Pindah Izin Praktik Dokter Umum/Gigi/Spesialis/Spesialis Gigi/PPDS/PPDGS','FREA ASTRILIA TAMARINA',NULL,NULL,'Berkas lengkap secara administrasi',NULL,'Lanjut ke OPD','2024-05-26 18:55:22','2024-05-26 18:55:22',NULL),(18,1,2,'central','10352 / 14 Januari 2024 ','2024-02-16 13:50:06','2024-02-16 14:05:04','Persetujuan Pengalihan Hak IPT','FATIMAH',NULL,NULL,'LANJUT',NULL,'LANJUT OPD','2024-05-26 18:55:22','2024-05-26 18:55:22',NULL),(19,1,7,'central','104133 / 21 September 2022 * Kembali ','2024-02-16 08:44:04','2024-02-16 11:26:03','Sarana-Izin Baru Praktik Perawat - SIPP','MUHAMMAD AMRULLOH NURHADIANTO, A.MD.KEP ',NULL,NULL,'Lanjut',NULL,'Lanjut ke OPD','2024-05-26 18:55:22','2024-05-26 18:55:22',NULL),(20,1,4,'central','104515 / 22 September 2022 * New','2024-02-16 12:15:15','2024-02-16 14:40:45','Permohonan Penebangan/Pemindahan Pohon Tempat Usaha/Ruko','TAN JOHAN HONANTHA',NULL,NULL,'berkas sesuai persyaratan administrasi',NULL,'lanjut OPD','2024-05-26 18:55:22','2024-05-26 18:55:22',NULL),(21,1,6,'central','10533 / 15 Januari 2024 * Kembali','2024-02-16 17:07:49','2024-02-16 13:34:16','Pengalihan Izin Pemakaian Tanah','RANI SUKMASARI, SE.',NULL,NULL,'LANJUT',NULL,'LANJUT OPD','2024-05-26 18:55:22','2024-05-26 18:55:22',NULL),(22,1,7,'central','111712 / 20 Juni 2023 * Kembali','2024-02-16 11:44:35','2024-02-16 09:21:28','Perorangan-Izin Baru Praktik Dokter Umum/Gigi/Spesialis/Spesialis Gigi','SYLVA DRANINDI TAQRYANKA',NULL,NULL,NULL,'Mohon menghubungi  uptsa timur (031 5982284) Apabila kurang jelas dikarenkan ada berkas yang kurang pada Surat Keterangan dari fasilitas pelayanan kesehatan sebagai tempat praktiknya dan fotokopi izin penyelenggaraan fasilitas pelayanan kesehatan yang masih berlaku, bagi praktik di fasilitas pelayanan kesehatan, surat izin bekerja dari RSUD dr. Soetomo (untuk PPDS/PPDGS) ====>>> ijin operasional RS terbaru','Pengembalian dari PTSP','2024-05-26 18:55:22','2024-05-26 18:55:22',NULL),(23,1,7,'central','111712 / 20 Juni 2023 * Kembali ','2024-02-16 09:33:57','2024-02-16 11:27:34','Perorangan-Izin Baru Praktik Dokter Umum/Gigi/Spesialis/Spesialis Gigi','SYLVA DRANINDI TAQRYANKA ',NULL,NULL,'Lanjut',NULL,'Lanjut ke OPD','2024-05-26 18:55:22','2024-05-26 18:55:22',NULL),(24,1,6,'central','11559 / 16 Januari 2024 * OPD','2024-02-16 12:44:00','2024-02-16 14:19:07','Persetujuan SKRK Peresmian Pemutihan','SUGEJATTO S',NULL,NULL,'Berkas lengkap sesuai persyaratan administrasi',NULL,'Lanjut ke OPD','2024-05-26 18:55:22','2024-05-26 18:55:22',NULL),(25,1,1,'central','11644 / 20 Januari 2023 * New','2024-02-16 21:51:12','2024-02-16 14:16:35','Arahan Sistem Drainase','EKA NURFEBRIANI',NULL,NULL,'Berkas lengkap sesuai persyaratan administrasi',NULL,'Lanjut ke OPD','2024-05-26 18:55:22','2024-05-26 18:55:22',NULL),(26,1,7,'central','11800 / 29 September 2021 * Kembali','2024-02-16 11:56:39','2024-02-16 13:08:00','Sarana-Izin Baru Tenaga Fisioterapis - SIPF','AKHMAD KHOSIM',NULL,'-','Berkas lengkap sesuai persyaratan administrasi',NULL,'Lanjut ke OPD','2024-05-26 18:55:22','2024-05-26 18:55:22',NULL),(27,1,1,'central','12390 / 16 Januari 2024 * Kembali','2024-02-15 10:17:04','2024-02-16 07:38:00','Surat Keterangan Penelitian','RIZKA ZA\'IN AULYA',NULL,NULL,'berkas lengkap sesuai persyaratan',NULL,'LANJUT KE OPD','2024-05-26 18:55:22','2024-05-26 18:55:22',NULL),(28,1,7,'central','13359 / 17 Januari 2024 * New','2024-02-15 18:02:12','2024-02-16 07:34:00','Sarana-Perpanjangan Izin Praktik Perawat - SIPP','ANDARI PRAMIA APSARI',NULL,NULL,'Berkas lengkap administrasi',NULL,'lanjut ke opd','2024-05-26 18:55:22','2024-05-26 18:55:22',NULL),(29,1,2,'central','13467 / 17 Januari 2024 * Kembali','2024-02-15 18:02:12','2024-02-16 07:12:00','PBG Non Rumah Tinggal','KARDY ANTOLIS',NULL,'85232732645','berkas lengkap administrasi',NULL,'Lanjut ke OPD','2024-05-26 18:55:22','2024-05-26 18:55:22',NULL),(30,1,9,'central','13825 / 18 Januari 2024 * Kembali','2024-02-16 07:41:47','2024-02-16 05:31:12','Surat Keterangan Penelitian','DWI SETIAWAN PUTRA',NULL,NULL,'Berkas lengkap secara Administrasi',NULL,'LANJUT OPD','2024-05-26 18:55:22','2024-05-26 18:55:22',NULL),(31,1,7,'central','14349 / 18 Januari 2024 * Kembali','2024-02-16 11:23:47','2024-02-16 11:56:09','Sarana-Izin Baru Praktik Perawat - SIPP','SEPTYWAN RAMEL WICAKSONO',NULL,NULL,'Berkas lengkap administrasi',NULL,'lanjut ke opd','2024-05-26 18:55:22','2024-05-26 18:55:22',NULL),(32,1,7,'central','14607 / 18 Januari 2024 * Kembali','2024-02-16 11:23:47','2024-02-16 10:46:56','Sarana-Perpanjangan Izin Praktik Dokter Umum/Gigi/Spesialis/Spesialis Gigi/PPDS/PPDGS','MUHAMMAD RIZA KURNIAWAN',NULL,'811307749',NULL,'1. Mohon upload STR salinan 1/2/3\n2. Mohon perbaiki nama FASKES pada surat pernyataan sesuaikan dengan izin operasional persetujuan teknis \"RS PRIMASATYA HUSADA CITRA (PHC) SURABAYA\"','Pengembalian dari PTSP','2024-05-26 18:55:22','2024-05-26 18:55:22',NULL),(33,1,7,'central','14673 / 18 Januari 2024 * Kembali','2024-02-15 17:37:50','2024-02-16 09:27:00','Sarana-Perpanjangan Izin Tenaga Fisioterapis - SIPF','WAHJUNI DARUWATI, A.MD.FIS',NULL,'-','Berkas lengkap sesuai persyaratan administrasi',NULL,'Lanjut ke OPD','2024-05-26 18:55:22','2024-05-26 18:55:22',NULL),(34,1,2,'central','14788 / 19 Januari 2024','2024-02-16 11:28:17','2024-02-16 08:03:03','PBG Non Rumah Tinggal','YOSHIKO QQ PT.OPTIMA KARYA ELEKTRIK',NULL,'87847042351','Berkas lengkap sesuai persyaratan administrasi melengkapi rekom cagar budaya',NULL,'Lanjut Ke OPD','2024-05-26 18:55:22','2024-05-26 18:55:22',NULL),(35,1,7,'central','15277 / 19 Januari 2024 * New','2024-02-15 09:22:46','2024-02-16 09:29:00','Sarana-Perpanjangan Izin Praktik Perawat - SIPP','YENY RUSDIANA SARI',NULL,'-','Berkas lengkap sesuai persyaratan administrasi',NULL,'Lanjut ke OPD','2024-05-26 18:55:22','2024-05-26 18:55:22',NULL),(36,1,2,'central','15361 / 19 Januari 2024 * Kembali','2024-02-16 08:00:26','2024-02-16 01:55:12','PBG Non Rumah Tinggal','LAUW SYANE WAHYUNI LOEKITO',NULL,'81330717460','berkas lengkap administrasi',NULL,'Lanjut ke OPD','2024-05-26 18:55:22','2024-05-26 18:55:22',NULL),(37,1,2,'central','164521 / 24 Agustus 2023 * OPD','2024-02-15 15:17:08','2024-02-16 02:24:00','PBG Rumah Tinggal Pengembang','HAPPY GUNAWARMAN, SH',NULL,'85859990944',NULL,'meneruskan pending dari OPD teknis : gambar pPBG tidak lengkap (gambar potongan B tidak ada), masih ada permasalahan hukum.','Pengembalian dari OPD','2024-05-26 18:55:22','2024-05-26 18:55:22',NULL),(38,1,4,'central','172774 / 5 September 2023 * Kembali','2024-02-15 10:26:09','2024-02-16 08:40:15','Perpanjangan Izin Pembuangan Sampah','DIAN FITRI,AMD',NULL,'81357074245','Berkas lengkap dan benar',NULL,'Lanjut ke OPD','2024-05-26 18:55:22','2024-05-26 18:55:22',NULL),(39,1,7,'central','173334 / 6 September 2023 * Kembali','2024-02-16 20:34:00','2024-02-16 13:14:00','Pergantian Teknis Kefarmasian - SIPTTK','OLIVE ADRIA FITRA',NULL,'8999993032',NULL,'(1) Mohon upload Surat Keterangan dari fasilitas pelayanan kesehatan sebagai tempat bekerja/praktiknya dan fotokopi izin penyelenggaraan fasilitas pelayanan kesehatan yang masih berlaku (2) Mohon upload Surat Ijin Praktik yang asli sesuai dengan alamat tersebut di atas (SIP Lama ASLI)','Pengembalian dari PTSP','2024-05-26 18:55:22','2024-05-26 18:55:22',NULL),(40,1,7,'central','17956 / 23 Januari 2024 * Kembali ','2024-02-16 16:29:46','2024-02-16 10:33:01','Perpanjangan Izin Praktik Tenaga Apoteker - SIPA','VIVI LASANDRA ',NULL,NULL,NULL,'Melanjutkan pendingan dari OPD : \"harap tambahkan stempel pada suket kerja  point 4\"','Pengembalian dari OPD','2024-05-26 18:55:22','2024-05-26 18:55:22',NULL),(41,1,7,'central','18342 / 24 Januari 2024 * Kembali','2024-02-15 15:29:29','2024-02-16 07:45:00','Sarana-Ijin Baru Surat Terdaftar Penyehat Tradisional - STPT','CHASA AMALIA MASYITHAH',NULL,NULL,NULL,'Harap melengkapi kekurangan berkas: sesuai arahan dinkes kota surabaya Mohon pastikan jenis usaha saudara rumah pijat atau panti sehat; dan ajukan terapis lainnya di sarana rumah pijat tersebut dan ajukan semua tenaga secara bersamaan apabila kurang jelas dapat emnghubungi WA: 085606075057','Pengembalian dari PTSP','2024-05-26 18:55:22','2024-05-26 18:55:22',NULL),(42,1,7,'central','18494 / 24 Januari 2024 * New','2024-02-15 08:44:29','2024-02-16 07:50:00','Pencabutan Izin Praktik Tenaga Apoteker - SIPA','VIOLITTA IRWAN PITONO',NULL,NULL,'Berkas lengkap administrasi',NULL,'lanjut ke opd','2024-05-26 18:55:22','2024-05-26 18:55:22',NULL),(43,1,7,'central','18604 / 24 Januari 2024 * Kembali','2024-02-16 15:59:44','2024-02-16 10:43:39','Perorangan-Izin Baru Praktik Dokter Umum/Gigi/Spesialis/Spesialis Gigi','YUSTINUS TEDDY WIJAYA',NULL,NULL,'Berkas lengkap secara administrasi',NULL,'Lanjut ke OPD','2024-05-26 18:55:22','2024-05-26 18:55:22',NULL),(44,1,6,'central','18710 / 24 Januari 2024 * Kembali','2024-02-16 06:48:48','2024-02-16 10:01:05','Perpanjangan Izin Pemakaian Tanah','ENDANG PRAPTINI',NULL,'85733710131','berkas lengkap sesuai persyarata',NULL,'Lanjut ke OPD','2024-05-26 18:55:22','2024-05-26 18:55:22',NULL),(45,1,6,'central','18733 / 24 Januari 2024 * Kembali','2024-02-16 15:59:44','2024-02-16 10:27:00','Persetujuan SKRK Peresmian Pemutihan','SARBINI',NULL,NULL,'Berkas lengkap administrasi',NULL,'lanjut ke opd','2024-05-26 18:55:22','2024-05-26 18:55:22',NULL),(46,1,2,'central','19168 / 24 Januari 2024 * OPD','2024-02-16 13:54:43','2024-02-16 08:52:48','PBG Non Rumah Tinggal','BAGUS RAMADHANI',NULL,'81231262892',NULL,'meneruskan pending dari OPD teknis : gambar pPBG tidak memenuhi ketentuan SKRK (area rumah tinggal tidak ada, luas area industri melebihi 50% KDB (max 57,9m2), akses menuju lantai 2 tidak ada), gambar pPBG tidak lengkap (denah atap tidak lengkap (area ruang jahit dan ppic tidak teratapi)).','Pengembalian dari OPD','2024-05-26 18:55:22','2024-05-26 18:55:22',NULL),(47,1,2,'central','194821 / 3 Oktober 2023 * OPD','2024-02-16 13:50:40','2024-02-16 08:09:36','PBG Non Rumah Tinggal','DR AUCKY HINTING',NULL,'81216705636',NULL,'meneruskan pending dari OPD teknis : rekom TABG tidak ada, terdapat akses menuju bangunan diluar persil, gambar pPBG tidak memenuhi ketentuan SKRK (melebihi KDB).','Pengembalian dari OPD','2024-05-26 18:55:22','2024-05-26 18:55:22',NULL),(48,1,7,'central','19584 / 25 Januari 2024 * Kembali ','2024-02-16 09:28:33','2024-02-16 13:48:52','Perorangan-Izin Baru Praktik Dokter Umum/Gigi/Spesialis/Spesialis Gigi','DR. RACHMAT ARISATOTO ',NULL,NULL,'Lanjut',NULL,'Lanjut ke OPD','2024-05-26 18:55:22','2024-05-26 18:55:22',NULL),(49,1,7,'central','19953 / 25 Januari 2024 * Kembali','2024-02-16 15:24:05','2024-02-16 07:26:24','Cabut Pindah Izin Praktik Baru Ahli Teknologi Laboratorium Medik - ATLM','EKA FAJAR HARIANTI',NULL,NULL,'Berkas lengkap secara Administrasi',NULL,'LANJUT OPD','2024-05-26 18:55:22','2024-05-26 18:55:22',NULL),(50,1,7,'central','20387 / 25 Januari 2024 * Kembali','2024-02-16 12:35:40','2024-02-16 13:21:00','Cabut Pindah Izin Kerja Perekam Medis - SIKPM','DYAH NOVITASARI',NULL,'83856254937',NULL,'Mohon upload Surat Pernyataan dari fasilitas pelayanan kesehatan sebagai tempat bekerja/praktiknya dan fotokopi izin penyelenggaraan fasilitas pelayanan kesehatan yang masih berlaku','Pengembalian dari PTSP','2024-05-26 18:55:22','2024-05-26 18:55:22',NULL),(51,1,6,'central','206078 / 17 Oktober 2023 * Kembali','2024-02-16 09:13:22','2024-02-16 10:40:00','Persetujuan Pengalihan Hak IPT','PURWANTO',NULL,'81216766331','berkas lengkap sesuai persyarata',NULL,'Lanjut ke OPD','2024-05-26 18:55:22','2024-05-26 18:55:22',NULL),(52,1,1,'central','21211 / 26 Januari 2024 * Kembali','2024-02-16 20:45:08','2024-02-16 14:06:26','Tanda Daftar Bursa Kerja Khusus (BKK)','SUGENG RIADI,S.S,M.M',NULL,'85852449978','Berkas permohonan sesuai dengan persyaratan',NULL,'Lanjut ke OPD','2024-05-26 18:55:22','2024-05-26 18:55:22',NULL),(53,1,7,'central','21225 / 26 Januari 2024 * Kembali','2024-02-16 13:44:53','2024-02-16 13:24:00','Cabut Pindah Izin Praktik Baru Ahli Teknologi Laboratorium Medik - ATLM','PUPUT RATMASARI',NULL,'-','Berkas lengkap sesuai persyaratan administrasi',NULL,'Lanjut ke OPD','2024-05-26 18:55:22','2024-05-26 18:55:22',NULL),(54,1,9,'central','21263 / 26 Januari 2024 * New','2024-02-16 12:52:18','2024-02-16 10:19:12','Surat Keterangan Penelitian','BRILIAN TRI PUSPITA NINGRUM',NULL,NULL,'Berkas lengkap secara Administrasi',NULL,'Lanjut ke OPD','2024-05-26 18:55:22','2024-05-26 18:55:22',NULL),(55,1,7,'central','21331 / 26 Januari 2024 * Kembali','2024-02-16 23:36:29','2024-02-16 10:40:12','Perorangan-Izin Baru Praktik Dokter Umum/Gigi/Spesialis/Spesialis Gigi','AMALIA ARTATI',NULL,'81331420858',NULL,'Abaikan nomor online ini dan mohon ajukan permohonan \"Sarana-Izin Baru Praktik Dokter Umum/Gigi/Spesialis/Spesialis Gigi\"','Pengembalian dari PTSP','2024-05-26 18:55:22','2024-05-26 18:55:22',NULL),(56,1,1,'central','21437 / 26 Januari 2024 * Kembali','2024-02-16 09:16:23','2024-02-16 08:24:12','Tera Ulang di Tempat UTTP Tepasang (Loko)','AGUNG ERWAN AFFANDI (PT LAUTAN LUAS TBK)',NULL,NULL,'Berkas permohonan diteruskan.',NULL,'Lanjut ke OPD','2024-05-26 18:55:22','2024-05-26 18:55:22',NULL),(57,1,7,'central','217347 / 2 November 2023 * Kembali','2024-02-16 18:29:58','2024-02-16 13:17:00','Izin Praktik Baru Ahli Teknologi Laboratorium Medik - ATLM','WINDA LUCYANA',NULL,'-','Berkas lengkap sesuai persyaratan administrasi',NULL,'Lanjut ke OPD','2024-05-26 18:55:22','2024-05-26 18:55:22',NULL),(58,1,2,'central','218614 / 3 November 2023 * Kembali','2024-02-16 13:43:46','2024-02-16 08:59:00','PBG Non Rumah Tinggal UMK','LAURENTIUS ADRIAN BUDYANTO',NULL,NULL,'Lanjut',NULL,'lanjut ke OPD','2024-05-26 18:55:22','2024-05-26 18:55:22',NULL),(59,1,7,'central','219976 / 6 November 2023 * Kembali','2024-02-15 18:47:10','2024-02-16 07:24:00','Sarana-Perpanjangan Izin Praktik Perawat - SIPP','ALIFIA RACHMA BELLA SAPUTRI',NULL,NULL,'Berkas lengkap administrasi',NULL,'lanjut ke OPD ','2024-05-26 18:55:22','2024-05-26 18:55:22',NULL),(60,1,7,'central','22118 / 29 Januari 2024 * Kembali','2024-02-15 07:33:41','2024-02-16 08:01:00','Sarana-Izin Baru Praktik Perawat - SIPP','ANANDA ZARA EKA PUTRI',NULL,NULL,NULL,'Harap melengkapi kekurangan berkas: Surat Pernyataan memiliki tempat kerja sarana/fasilitas pelayanan kesehatan (bermaterai Rp. 10.000,-)=> perbaiki nama sarana sesuaikan dengan izinmoperasional RS=> RS Primasatya..., dan jam kerja sesuaikan=> Cth Senin-Minggu Shift 1: 07.00-14.00 dst (libur 1 minggu berapa kali), ','Pengembalian dari PTSP','2024-05-26 18:55:22','2024-05-26 18:55:22',NULL),(61,1,7,'central','221474 / 8 November 2023 * Kembali','2024-02-16 17:06:14','2024-02-16 13:19:00','Cabut Pindah Izin Praktik Baru Ahli Teknologi Laboratorium Medik - ATLM','ACHMAD HAMAM SETIAWAN',NULL,'-','Berkas lengkap sesuai persyaratan administrasi',NULL,'Lanjut ke OPD','2024-05-26 18:55:22','2024-05-26 18:55:22',NULL),(62,1,11,'central','22313 / 29 Januari 2024 * Kembali','2024-02-15 17:03:56','2024-02-16 08:32:06','Tera Ulang di Tempat UTTP Tepasang (Loko)','FAHMI DADANG SUPRIANTO (PT SALIM IVOMAS PRATAMA TBK)',NULL,NULL,'Berkas permohonan diteruskan.',NULL,'Lanjut ke OPD','2024-05-26 18:55:22','2024-05-26 18:55:22',NULL),(63,1,2,'central','224295 / 13 November 2023 * Kembali','2024-02-16 09:57:43','2024-02-16 14:01:00','PBG Non Rumah Tinggal TABG','WAHYUDI',NULL,NULL,'Lanjut',NULL,'lanjut ke OPD','2024-05-26 18:55:22','2024-05-26 18:55:22',NULL),(64,1,7,'central','228488 / 19 November 2023 * Kembali','2024-02-16 15:04:20','2024-02-16 10:51:00','Perorangan-Perpanjangan Izin Praktik Dokter Umum/Gigi/Spesialis/Spesialis Gigi','DIAN ARTANTY',NULL,NULL,'Berkas lengkap administrasi',NULL,'lanjut ke opd','2024-05-26 18:55:22','2024-05-26 18:55:22',NULL),(65,1,7,'central','230797 / 22 November 2023 * Kembali','2024-02-15 19:34:07','2024-02-16 09:06:00','Izin Praktik Baru Ahli Teknologi Laboratorium Medik - ATLM','FIRDIANA AS FIFAH',NULL,'-','Berkas lengkap sesuai persyaratan administrasi',NULL,'Lanjut ke OPD','2024-05-26 18:55:22','2024-05-26 18:55:22',NULL),(66,1,7,'central','230913 / 22 November 2023 * Kembali','2024-02-15 09:26:51','2024-02-16 09:08:00','Izin Praktik Baru Ahli Teknologi Laboratorium Medik - ATLM','DIMAS DWI YUDISTIRA',NULL,'-','Berkas lengkap sesuai persyaratan administrasi',NULL,'Lanjut ke OPD','2024-05-26 18:55:22','2024-05-26 18:55:22',NULL),(67,1,7,'central','230939 / 22 November 2023 * Kembali','2024-02-16 20:40:01','2024-02-16 09:10:00','Izin Praktik Baru Ahli Teknologi Laboratorium Medik - ATLM','CITRA FAJARWATI',NULL,'-','Berkas lengkap sesuai persyaratan administrasi',NULL,'Lanjut ke OPD','2024-05-26 18:55:22','2024-05-26 18:55:22',NULL),(68,1,7,'central','23331 / 30 Januari 2024 * Kembali ','2024-02-16 09:22:57','2024-02-16 10:37:28','Sarana-Perpanjangan Izin Praktik Perawat - SIPP','ALBINUS SUIPNO ',NULL,NULL,NULL,'Mohon melengkapi : \n1. Alamat Domisili Pemohon pada step 1 sesuaikan dengan domisili yang diupload, \n2. Surat Rekomendasi dari Organisasi Profesi(PPNI) beserta bukti pemenuhan kecukupan SKP (upload 2 berkas, rekom + kecukupan SKP), \n3. STR /SIP yang masih berlaku dan dilegalisir, \n4. Apabila kurang jelas hubungi UPTSA 031-5982284 ext 0','Pengembalian dari PTSP','2024-05-26 18:55:22','2024-05-26 18:55:22',NULL),(69,1,7,'central','23331 / 30 Januari 2024 * New','2024-02-16 11:07:55','2024-02-16 09:14:23','Sarana-Perpanjangan Izin Praktik Perawat - SIPP','ALBINUS SUIPNO',NULL,NULL,NULL,'Mohon dilengkapi :\n1. Surat Keterangan domisili tinggal di Surabaya (Bagi Penduduk Non Surabaya) ====>>> mohon ditambahkan surat permyataan pulang pergi\n2. STR /SIP yang masih berlaku dan dilegalisir ===>>> Mohon yang yg di legalisir ','Pengembalian dari PTSP','2024-05-26 18:55:22','2024-05-26 18:55:22',NULL),(70,1,7,'central','233315 / 25 November 2023 * Kembali','2024-02-15 11:14:15','2024-02-16 07:25:00','Sarana-Izin Baru Praktik Perawat - SIPP','BELINDA ALIVIA',NULL,NULL,'Berkas lengkap administrasi',NULL,'lanjut ke opd','2024-05-26 18:55:22','2024-05-26 18:55:22',NULL),(71,1,7,'central','237506 / 1 Desember 2023 * Kembali ','2024-02-16 09:44:21','2024-02-16 12:19:28','Pencabutan Izin Praktik Tenaga Apoteker - SIPA','SAFIRA RAHMA NOVACHIRIA ',NULL,NULL,'Lanjut',NULL,'Lanjut ke OPD','2024-05-26 18:55:22','2024-05-26 18:55:22',NULL),(72,1,7,'central','238356 / 4 Desember 2023 * Kembali ','2024-02-16 09:46:18','2024-02-16 10:30:17','Cabut Pindah Izin Kerja Perekam Medis - SIKPM','SHANTI WINDA DAHLAN ',NULL,NULL,'Lanjut',NULL,'Lanjut ke OPD','2024-05-26 18:55:22','2024-05-26 18:55:22',NULL),(73,1,7,'central','238399 / 4 Desember 2023 * Kembali','2024-02-16 12:31:11','2024-02-16 10:52:00','Perorangan-Perpanjangan Surat Terdaftar Penyehat Tradisional - STPT','HARI SINGH',NULL,NULL,'Berkas lengkap administrasi',NULL,'lanjut ke opd','2024-05-26 18:55:22','2024-05-26 18:55:22',NULL),(74,1,7,'central','23983 / 30 Januari 2024 * Kembali','2024-02-16 10:10:37','2024-02-16 10:05:54','Sarana-Perpanjangan Izin Praktik Perawat - SIPP','MUFIDATUL KHOIRIYAH RIFA\'I',NULL,NULL,'LANJUT',NULL,'lanjut ke OPD ','2024-05-26 18:55:22','2024-05-26 18:55:22',NULL),(75,1,7,'central','242950 / 9 Desember 2023 * Kembali','2024-02-15 10:14:29','2024-02-16 07:26:00','Sarana-Izin Baru Praktik Perawat - SIPP','SINDI AYU ATIKA',NULL,NULL,'Berkas lengkap administrasi',NULL,'lanjut ke opd','2024-05-26 18:55:22','2024-05-26 18:55:22',NULL),(76,1,6,'central','243589 / 11 Desember 2023 * Kembali','2024-02-16 10:18:09','2024-02-16 10:06:00','Perpanjangan Izin Pemakaian Tanah','LIEM,YONGKY PRANOTO',NULL,NULL,'lanjut OPD',NULL,'lanjut ke opd','2024-05-26 18:55:22','2024-05-26 18:55:22',NULL),(77,1,6,'central','244281 / 12 Desember 2023 * Kembali','2024-02-15 10:20:15','2024-02-16 09:16:02','Pengalihan Izin Pemakaian Tanah','NANIEK HANDAJANI',NULL,'81231449903','berkas lengkap sesuai persyaratan *untuk tanggal permohonan di surat kuasa dan sp diatasnamakan belum dikasi tgl dan isian di surat permohonan masih ada yg salah*',NULL,'Lanjut ke OPD','2024-05-26 18:55:22','2024-05-26 18:55:22',NULL),(78,1,1,'central','244660 / 12 Desember 2023 * New','2024-02-16 10:22:05','2024-02-16 09:16:12','Izin Pendirian Satuan Pendidikan LKP (Lembaga Khusus dan Pelatihan)','PROF LOEKITO ADI SOEHONO',NULL,NULL,'Berkas lengkap secara administrasi',NULL,'Lanjut ke OPD','2024-05-26 18:55:22','2024-05-26 18:55:22',NULL),(79,1,6,'central','244678 / 12 Desember 2023 * New','2024-02-16 10:23:38','2024-02-16 08:22:00','Pengalihan Izin Pemakaian Tanah','OEY,ANDRI SURYANTO WIBISONO.IR',NULL,NULL,NULL,'Keterangan : 1. mohon Upload Lunas retribusi 2024, ','pengembalian ke OPD','2024-05-26 18:55:22','2024-05-26 18:55:22',NULL),(80,1,5,'central','24681 / 31 Januari 2024 * New','2024-02-16 17:40:06','2024-02-16 14:12:54','Pemanfaatan Bangunan dan / atau Lingkungan Cagar Budaya','ROSITA',NULL,'817271293',NULL,'Perbaiki semua Data pemohon pada form dan data online menjadi data DIREKTUR PT. KODRAT ALAM ( bukan kuasa pengurusan ) , lampirkan FOto bangunan dan Gambar denah Bangunan ( ARS ) ','Pengembalian dari PTSP','2024-05-26 18:55:22','2024-05-26 18:55:22',NULL),(81,1,2,'central','248388 / 18 Desember 2023 * Kembali','2024-12-16 10:25:28','2024-02-16 10:33:15','PBG Rumah Tinggal Tidak Sederhana','HENDRO NYOTO MULYO',NULL,NULL,'LANJUT',NULL,'lanjut ke opd','2024-05-26 18:55:22','2024-05-26 18:55:22',NULL),(82,1,6,'central','250844 / 20 Desember 2023 * Kembali','2024-02-16 10:27:11','2024-02-16 14:42:16','Penghapusan Blokir IPT','LISA',NULL,'82190364788','Berkas lengkap sesuai persyaratan administrasi',NULL,'Lanjut ke OPD','2024-05-26 18:55:22','2024-05-26 18:55:22',NULL),(83,1,6,'central','25155 / 1 Februari 2024 * New','2024-02-16 10:29:00','2024-02-16 14:58:00','Perpanjangan Izin Pemakaian Tanah','GO ERIC ALEXANDER GUNAWAN',NULL,NULL,'lanjut OPD',NULL,'lanjut ke opd','2024-05-26 18:55:22','2024-05-26 18:55:22',NULL),(84,1,2,'central','252367 / 22 Desember 2023 * New','2024-02-16 10:30:42','2024-02-16 10:49:00','PBG Non Rumah Tinggal','ANI FARIDA, S.S.',NULL,NULL,NULL,'MOHON MELAMPIRKAN COPY SERTIFIKAT YANG TELAH DILEGALSIIR NOTARIS ATAU MELAMPIRKAN ASLI SERTIFKAT YANG TELAH DI SCAN','pengembalian OPD','2024-05-26 18:55:22','2024-05-26 18:55:22',NULL),(85,1,7,'central','253040 / 25 Desember 2023 * New','2024-02-15 10:34:49','2024-02-16 09:15:00','Sarana-Perpanjangan Izin Praktik Perawat - SIPP','ULANDARI INDAH WARDANI',NULL,'82328827454',NULL,'(1) Mohon upload Surat Keterangan domisili tinggal di Surabaya (Bagi Penduduk Non Surabaya) (2) Mohon upload Surat Keterangan Sehat jasmani dan rohani dari dokter yang telah memiliki SIP yang masih berlaku (tulis no. SIP nya)(3) Mohon upload Surat Rekomendasi dari Organisasi Profesi(PPNI) beserta bukti pemenuhan kecukupan SKP (4) Mohon upload Surat Pernyataan memiliki tempat kerja sarana/fasilitas pelayanan kesehatan (bermaterai Rp. 10.000,-) (5) Mohon upload Surat Ijin Praktik/Kerja Perawat(SIPP/SIKP) lama yang asli apabila perpanjangan','Pengembalian dari PTSP','2024-05-26 18:55:22','2024-05-26 18:55:22',NULL),(86,1,2,'central','254417 / 28 Desember 2023 * Kembali','2024-02-15 10:36:19','2024-02-16 10:38:00','PBG Rumah Tinggal Pengembang','TULUS HARIANTO IR.',NULL,NULL,'Lanjut',NULL,'lanjut ke OPD','2024-05-26 18:55:22','2024-05-26 18:55:22',NULL),(87,1,2,'central','255856 / 29 Desember 2023 * Kembali','2024-02-16 10:37:45','2024-02-16 00:57:36','PBG Non Rumah Tinggal','LIEKE RIADI',NULL,'82117555417','berkas lengkap administrasi',NULL,'Lanjut ke OPD','2024-05-26 18:55:22','2024-05-26 18:55:22',NULL),(88,1,7,'central','25906 / 1 Februari 2024 * Kembali','2024-02-15 10:39:27','2024-02-16 09:31:00','Sarana-Izin Baru Praktik Perawat - SIPP','ADELIA YUANA WATI',NULL,'-','Berkas lengkap sesuai persyaratan administrasi',NULL,'Lanjut ke OPD','2024-05-26 18:55:22','2024-05-26 18:55:22',NULL),(89,1,7,'central','26087 / 1 Februari 2024 * Kembali','2024-02-15 08:24:25','2024-02-16 09:33:00','Izin Baru Praktik Teknis Kefarmasian - SIPTTK','KRISTINA MARIASARI',NULL,'895340146367',NULL,'Mohon upload Surat Keterangan Sehat dari dokter yang masih memiliki SIP yang masih berlaku (tulis no. SIP nya) beri catatan pengurusan SIP','Pengembalian dari PTSP','2024-05-26 18:55:22','2024-05-26 18:55:22',NULL),(90,1,7,'central','26091 / 1 Februari 2024 * New','2024-02-16 10:51:47','2024-02-16 11:50:00','Perorangan-Perpanjangan Izin Praktik Dokter Umum/Gigi/Spesialis/Spesialis Gigi','EVA TAMARA',NULL,NULL,NULL,'Harap melengkapi kekurangan berkas: cek kembali mdata entrian step 2 jam kerja sesuaikan kembali=> Cth: Senin-Jumat: 07.00-09.00 mohon harus ditentukan, 2 STR (Surat Tanda Registrasi) yang dilegalisasi asli, bagi PPDS/PPDGS STR lembar pertama=> salinan 1, 2 Surat Pernyataan memiliki tempat kerja di sarana / fasilitas pelayanan kesehatan atau praktik mandiri (bermaterai 10.000,=> form ada pada kolom upload dan diketik kembali, 3 Surat Ijin Praktik yang lama dan asli apabila perpanjangan atau pindah tempat praktik=> SIP lama asli di sarana tersebut','Pengembalian dari PTSP','2024-05-26 18:55:22','2024-05-26 18:55:22',NULL),(91,1,7,'central','26150 / 1 Februari 2024 * Kembali','2024-02-15 11:37:18','2024-02-16 08:02:00','Pencabutan Izin Praktik Teknis Kefarmasian - SIPTTK','ARIF MUHADI',NULL,NULL,'Berkas lengkap administrasi',NULL,'lanjut ke opd','2024-05-26 18:55:22','2024-05-26 18:55:22',NULL),(92,1,6,'central','26237 / 2 Februari 2024 * Kembali','2024-02-16 21:10:04','2024-02-16 08:14:54','Perpanjangan Izin Pemakaian Tanah','DR. ISWIYANTI WIDYAWATI',NULL,NULL,'LANJUT',NULL,'lanjut ke opd','2024-05-26 18:55:22','2024-05-26 18:55:22',NULL),(93,1,7,'central','26629 / 2 Februari 2024 * Kembali','2024-02-15 12:52:31','2024-02-16 08:04:00','Sarana-Perpanjangan Izin Praktik Bidan - SIPB','JULAIHA',NULL,NULL,'Berkas lengkap administrasi',NULL,'lanjut ke opd','2024-05-26 18:55:22','2024-05-26 18:55:22',NULL),(94,1,7,'central','26714 / 2 Februari 2024 * Kembali','2024-02-16 10:04:21','2024-02-16 10:03:38','Sarana-Izin Baru Praktik Dokter Umum/Gigi/Spesialis/Spesialis Gigi/PPDS/PPDGS','ELIZABETH LUNA KANIA ANINDITA',NULL,NULL,NULL,'Mohon dilengkapi :\n1. STR (Surat Tanda Registrasi) yang dilegalisasi asli, bagi PPDS/PPDGS STR lembar pertama ===>>>> dimohon sesuaikan dengan step 2 pada Ijin Praktik Ke - 2 maka yang di upload Salinan 2 (mohon saat mengupload \"Salinan 2\" diperlihatkan\n2. Harap melengkapi kekurangan berkas: cek kembali data entrian step 2 Masa Berlaku sesuaikan dengan STR=> Selama Mengikuti.,.. dengan memilih jenis STR bertanggal','Pengembalian dari PTSP','2024-05-26 18:55:22','2024-05-26 18:55:22',NULL),(95,1,11,'central','26751 / 2 Februari 2024 * New','2024-02-15 19:43:22','2024-02-16 08:33:53','Tera Ulang di Tempat UTTP Tepasang (Loko)','MOH. AS\'AD (SHELL KENJERAN-1 SBY)',NULL,NULL,'Mohon koreksi.',NULL,'Lanjut ke OPD','2024-05-26 18:55:22','2024-05-26 18:55:22',NULL),(96,1,7,'central','27015 / 2 Februari 2024 * New','2024-02-16 09:03:47','2024-02-16 14:27:00','Sarana-Cabut Pindah Izin Praktik Dokter Umum/Gigi/Spesialis/Spesialis Gigi/PPDS/PPDGS','VENNY TANDYONO',NULL,'81234220033',NULL,'(1) Mohon alamat KTP dan alamat domisili pada data entrian diberi tambahan KOTA (2) Mohon upload Pas Photo digital terbaru ukuran 4 x 6 cm dengan latar belakang merah (crop dan rapikan tanpa tepian putih) (3) Mohon upload Surat Pernyataan dari fasilitas pelayanan kesehatan sebagai tempat bekerja/praktiknya dan fotokopi izin penyelenggaraan fasilitas pelayanan kesehatan yang masih berlaku bagi praktik di fasilitas pelayanan kesehatan','Pengembalian dari PTSP','2024-05-26 18:55:22','2024-05-26 18:55:22',NULL),(97,1,2,'central','27129 / 3 Februari 2024 * Kembali','2024-02-15 15:59:44','2024-02-16 09:21:36','PBG Non Rumah Tinggal','MACHFUD',NULL,'81231380462','berkas lengkap administrasi',NULL,'Lanjut ke OPD','2024-05-26 18:55:22','2024-05-26 18:55:22',NULL),(98,1,6,'central','27182 / 3 Februari 2024 * Kembali','2024-02-15 15:58:05','2024-02-16 10:25:51','Perpanjangan Izin Pemakaian Tanah','SOEGANDI',NULL,NULL,'Berkas lengkap secara administrasi',NULL,'Lanjut ke OPD','2024-05-26 18:55:22','2024-05-26 18:55:22',NULL),(99,1,7,'central','27518 / 3 Februari 2024 * Kembali','2024-02-15 16:08:53','2024-02-16 08:13:00','Perorangan-Izin Baru Praktik Dokter Umum/Gigi/Spesialis/Spesialis Gigi','FX HIMAWAN HARYANTO JONG',NULL,NULL,NULL,'Harap melengkapi ekkurangan berkas: cek kembali data entrian step 2 nama sarana ganti Praktik Swasta Perorangan, 2 Surat Pernyataan memiliki tempat kerja di sarana / fasilitas pelayanan kesehatan atau praktik mandiri (bermaterai 10.000,-)=> nama sarana sesuaikan kembali, 3 apabila kurang jelas dapat menghubungi UPTSA 031-5982284 ext 0 atau Live Chat: 085234982434','Pengembalian dari PTSP','2024-05-26 18:55:22','2024-05-26 18:55:22',NULL),(100,1,7,'central','27684 / 5 Februari 2024 * Kembali','2024-02-15 09:05:13','2024-02-16 08:21:17','Sarana-Izin Baru Praktik Perawat - SIPP','PUTRI ALIFIAN SUMARJO',NULL,NULL,'LANJUT',NULL,'lanjut ke OPD ','2024-05-26 18:55:22','2024-05-26 18:55:22',NULL),(101,1,6,'central','28078 / 5 Februari 2024 * New','2024-02-15 12:47:03','2024-02-16 08:19:50','Pengalihan Izin Pemakaian Tanah','BASKARA ALWIN PRAYOGA, S.ST.PAR.',NULL,NULL,'LANJUT',NULL,'lanjut ke opd','2024-05-26 18:55:22','2024-05-26 18:55:22',NULL),(102,1,6,'central','28418 / 5 Februari 2024 * New','2024-02-15 15:59:44','2024-02-16 18:02:12','Peningkatan Jangka Waktu IPT','MAHMUD.H',NULL,'81332703666','berkas lengkap sesuai persyarata',NULL,'Lanjut ke OPD','2024-05-26 18:55:22','2024-05-26 18:55:22',NULL),(103,1,7,'central','28648 / 6 Februari 2024 * Kembali','2024-02-16 12:35:42','2024-02-16 09:35:00','Perorangan-Perpanjangan Izin Praktik Dokter Umum/Gigi/Spesialis/Spesialis Gigi','DR. VINA WIDIYANA',NULL,'-','Berkas lengkap sesuai persyaratan administrasi',NULL,'Lanjut ke OPD','2024-05-26 18:55:22','2024-05-26 18:55:22',NULL),(104,1,4,'central','28728 / 6 Februari 2024 * Kembali','2024-02-16 08:01:39','2024-02-16 09:25:34','Perpanjangan Izin Pembuangan Sampah','HAPPY GUNAWARMAN',NULL,'81357341582','Berkas permohonan sesuai dengan persyaratan',NULL,'Lanjut ke OPD','2024-05-26 18:55:22','2024-05-26 18:55:22',NULL),(105,1,6,'central','28888 / 6 Februari 2024 * Kembali','2024-02-16 19:10:14','2024-02-16 00:43:12','Perpanjangan Izin Pemakaian Tanah','RUTH ANGELA YUENDY',NULL,'81249593680','berkas lengkap sesuai persyarata',NULL,'Lanjut ke OPD','2024-05-26 18:55:22','2024-05-26 18:55:22',NULL),(106,1,6,'central','29328 / 6 Februari 2024 * New','2024-02-15 09:14:41','2024-02-16 09:41:10','Pemutihan IPT','AGUS TRI ISMONO',NULL,'87851228889','berkas lengkap sesuai persyarata',NULL,'Lanjut ke OPD','2024-05-26 18:55:22','2024-05-26 18:55:22',NULL),(107,1,11,'central','29343 / 6 Februari 2024 * Kembali','2024-02-16 23:16:16','2024-02-16 09:53:08','Tera di Tempat Terpasang UTTP (Loko)','JOHAN TENACIOUS (PT VIRGO ABADI)',NULL,NULL,'Berkas permohonan diteruskan.',NULL,'Lanjut ke OPD','2024-05-26 18:55:22','2024-05-26 18:55:22',NULL),(108,1,7,'central','29366 / 6 Februari 2024 * Kembali','2024-02-16 09:19:10','2024-02-16 11:31:00','Sarana-Izin Baru Tenaga Akupuntur Terapis - SIPAT','ACHMAD GUINTANO PRASTYOBAKTI',NULL,NULL,'Berkas lengkap administrasi',NULL,'lanjut ke opd','2024-05-26 18:55:22','2024-05-26 18:55:22',NULL),(109,1,7,'central','29366 / 6 Februari 2024 * Kembali ','2024-02-16 21:07:55','2024-02-16 11:31:15','Sarana-Izin Baru Tenaga Akupuntur Terapis - SIPAT','ACHMAD GUINTANO PRASTYOBAKTI ',NULL,NULL,'Lanjut',NULL,'Lanjut ke OPD','2024-05-26 18:55:22','2024-05-26 18:55:22',NULL),(110,1,7,'central','29402 / 6 Februari 2024 * New','2024-02-15 14:43:18','2024-02-16 09:37:00','Sarana-Izin Baru Praktik Perawat - SIPP','ARIS ARDIYAN',NULL,'-','Berkas lengkap sesuai persyaratan administrasi',NULL,'Lanjut ke OPD','2024-05-26 18:55:22','2024-05-26 18:55:22',NULL),(111,1,7,'central','29479 / 6 Februari 2024 * Kembali','2024-02-16 17:33:33','2024-02-16 13:30:00','Cabut Pindah Izin Praktik Baru Ahli Teknologi Laboratorium Medik - ATLM','CANDRA PUSPADINITA',NULL,'85733000926',NULL,'Mohon lampirkan STR lama dikarenakan masa berlaku STR masih aktif hingga 2027 (No. STR : 16 14 5 2 2 22-4260302 )','Pengembalian dari PTSP','2024-05-26 18:55:22','2024-05-26 18:55:22',NULL),(112,1,7,'central','29523 / 6 Februari 2024 * Kembali','2024-02-16 20:25:04','2024-02-16 08:23:40','Sarana-Izin Baru Praktik Perawat - SIPP','SITI AINUN HALIM',NULL,NULL,'LANJUT',NULL,'lanjut ke OPD ','2024-05-26 18:55:22','2024-05-26 18:55:22',NULL),(113,1,2,'central','29535 / 7 Februari 2024 * OPD','2024-02-15 15:46:21','2024-02-16 13:05:22','Baru SLF Bersyarat NRT Sederhana','ANASTASIA ERVINA PRATYAHASTRI',NULL,'82230018901',NULL,'melanjutkan pengambalian dari OPD Keterangan Pengembalian: berkas dikembalikan, dengan catatan kekurangan: 1. Untuk register ulang memilih SLF Bersyarat Non Sederhana karena luas bangunan lebih dari 2.500 m2 2. Perbaiki Data Permohonan pada SSW Alfa, sebagai berikut: a. Sesuaikan Fungsi Bangunan Gedung dengan guna pada SK IMB (Sekolah) b. Sesuaikan Lokasi Bangunan Gedung dengan alamat persil pada SK IMB (Jl. Tembaan No. 18-20-22 Surabaya) 3. Lengkapi lampiran gambar IMB, berupa gambar denah tiap lantai, tampak dan potongan yang ada pengesahan dari Pemerintah Kota Surabaya 4. Hubungan Hukum antara Sdri. Anastasia Ervina Pratyhastri dengan Keuskupan Surabaya','Pengembalian dari OPD','2024-05-26 18:55:22','2024-05-26 18:55:22',NULL),(114,1,7,'central','29707 / 7 Februari 2024 * Kembali','2024-02-16 15:39:54','2024-02-16 10:42:21','Sarana-Izin Baru Praktik Perawat - SIPP','NAUFAL AQIL UBAID',NULL,NULL,'Berkas lengkap secara administrasi',NULL,'Lanjut ke OPD','2024-05-26 18:55:22','2024-05-26 18:55:22',NULL),(115,1,7,'central','29715 / 7 Februari 2024 * Kembali ','2024-02-16 08:56:23','2024-02-16 13:59:39','Perpanjangan Izin Praktik Teknis Kefarmasian - SIPTTK','EVIANA OKTA NORMALINA ',NULL,NULL,NULL,'Melanjutkan pendingan dari OPD \"Surat Ijin Kerja Tenaga Teknis Kefarmasian (SIKTTK) lama asli apabila perpanjangan atau pindah tempat praktik. (Harap melakukan perpanjangan SIP H-2 bulan sebelum expired)\"','Pengembalian dari OPD','2024-05-26 18:55:22','2024-05-26 18:55:22',NULL),(116,1,2,'central','29836 / 7 Februari 2024 * New','2024-02-16 10:35:05','2024-02-16 05:02:24','KRK Non Rumah Tinggal','RUSLI KUWANTTO',NULL,'8168838800',NULL,'mohon menambahkan titik koordinat X dan Y pada gambar sketsa persil serta tanda tangan pemilik tanah','Pengembalian dari PTSP','2024-05-26 18:55:22','2024-05-26 18:55:22',NULL),(117,1,7,'central','29884 / 7 Februari 2024 * Kembali ','2024-02-16 15:55:24','2024-02-16 12:23:09','Sarana-Izin Baru Praktik Dokter Umum/Gigi/Spesialis/Spesialis Gigi/PPDS/PPDGS','MONICA LIERENSIA ',NULL,NULL,NULL,'Mohon mengganti jenis perijinan menjadi cabut pindah & lengkapi berkas yang diperlukan, Apabila kurang jelas hubungi UPTSA 031-5982284 ext 0','Pengembalian dari OPD','2024-05-26 18:55:22','2024-05-26 18:55:22',NULL),(118,1,7,'central','29901 / 7 Februari 2024 * Kembali','2024-02-15 19:47:17','2024-02-16 09:39:00','Sarana-Cabut Pindah Praktik Perawat - SIPP','EMATRI IRAWATI',NULL,'-','Berkas lengkap sesuai persyaratan administrasi',NULL,'Lanjut ke OPD','2024-05-26 18:55:22','2024-05-26 18:55:22',NULL),(119,1,7,'central','29924 / 7 Februari 2024 * Kembali','2024-02-16 17:21:43','2024-02-16 11:50:00','Sarana-Izin Baru Praktik Perawat - SIPP','ALVIONITA DAMAYANTI HARIYANTO',NULL,NULL,'Berkas lengkap administrasi',NULL,'lanjut ke opd','2024-05-26 18:55:22','2024-05-26 18:55:22',NULL),(120,1,9,'central','29995 / 7 Februari 2024 * Kembali','2024-02-16 16:29:29','2024-02-16 06:00:00','Surat Keterangan Penelitian','DIVA NABILLA LEVIANY',NULL,NULL,'Berkas lengkap secara Administrasi',NULL,'LANJUT OPD','2024-05-26 18:55:22','2024-05-26 18:55:22',NULL),(121,1,7,'central','30029 / 7 Februari 2024 * Kembali','2024-02-16 07:55:54','2024-02-16 13:36:00','Cabut Pindah Izin Praktik Baru Ahli Teknologi Laboratorium Medik - ATLM','RIRIN ERINDAWATI, A.MD',NULL,'-','Berkas lengkap sesuai persyaratan administrasi',NULL,'Lanjut ke OPD','2024-05-26 18:55:22','2024-05-26 18:55:22',NULL),(122,1,7,'central','30273 / 7 Februari 2024 * Kembali','2024-02-15 15:07:29','2024-02-16 09:41:00','Cabut Pindah Izin Praktik Tenaga Apoteker - SIPA','OKTA NURKI DARMAWANTI',NULL,'-','Berkas lengkap sesuai persyaratan administrasi',NULL,'Lanjut ke OPD','2024-05-26 18:55:22','2024-05-26 18:55:22',NULL),(123,1,7,'central','30298 / 7 Februari 2024 * Kembali','2024-02-16 07:50:34','2024-02-16 12:01:00','Perpanjangan Izin Praktik Teknis Kefarmasian - SIPTTK','IRMA NOFITASARI',NULL,NULL,NULL,'Harap melengkapi kekurangan berkaS: 1 Surat Pernyataan Apoteker atau pimpinan tempat pemohon melaksanakan pekerjaan kefarmasian, tidak berlaku bagi Tenaga Teknis Kefarmasian yag bekerja ditoko obat=> dari bagian kepegawaian RS bukan dari Kainst dikarenakan ikut sarana kesehatan, 2 Copy Ijin penyelenggaraan sarana kesehatan yang masih berlaku=> NIB beserta lampirannya+sertifikat standar yang telah terverifikasi+Persetujuan Teknis jadi 1 PDF, 3 Surat Ijin Kerja Tenaga Teknis Kefarmasian (SIKTTK) lama asli apabila perpanjangan atau pindah tempat praktik.=> masih ada masa berlakunya dan dapat di perpanjang H-2 Bulan Sebelum Exp, apabila kurang jelas dapat menghubungi UPTSA 031-5982284 ext 0 atau Live Chat: 085234982434','Pengembalian dari PTSP','2024-05-26 18:55:22','2024-05-26 18:55:22',NULL),(124,1,7,'central','30384 / 7 Februari 2024 * Kembali','2024-02-16 13:04:14','2024-02-16 13:40:00','Sarana-Cabut Pindah Praktik Perawat - SIPP','RANI FITRIANA',NULL,'-','Berkas lengkap sesuai persyaratan administrasi',NULL,'Lanjut ke OPD','2024-05-26 18:55:22','2024-05-26 18:55:22',NULL),(125,1,7,'central','30424 / 8 Februari 2024 * Kembali','2024-02-16 15:55:37','2024-02-16 11:13:17','Sarana-Izin Baru Praktik Perawat - SIPP','RIZKA HAZANAH OKTAFIANA',NULL,NULL,'Berkas Lengkap Secara Administrasi',NULL,'Lanjut ke OPD','2024-05-26 18:55:22','2024-05-26 18:55:22',NULL),(126,1,7,'central','30444 / 8 Februari 2024 * Kembali','2024-02-15 11:59:41','2024-02-16 09:43:00','Sarana-Izin Baru Praktik Perawat - SIPP','RIRIN MELIANAWATI',NULL,'89688092954',NULL,'(1) Mohon alamat sarana pada data entrian sesuaikan dengan Ijin Operasional Sarana secara lengkap (Kampus C UNAIR JL. ........) (3) Mohon upload Surat Pernyataan memiliki tempat kerja sarana/fasilitas pelayanan kesehatan (bermaterai Rp. 10.000,-) alamat sarana sesuaikan dengan Ijin Operasional Sarana secara lengkap','Pengembalian dari PTSP','2024-05-26 18:55:22','2024-05-26 18:55:22',NULL),(127,1,6,'central','30473 / 8 Februari 2024 * New','2024-02-16 15:10:52','2024-02-16 08:28:00','Perpanjangan Izin Pemakaian Tanah','LIENNY JOHCHRISNATALIA YUWONO,SH',NULL,NULL,'lanjut OPD',NULL,'lanjut ke opd','2024-05-26 18:55:22','2024-05-26 18:55:22',NULL),(128,1,7,'central','30534 / 8 Februari 2024 * Kembali','2024-02-18 15:21:38','2024-02-16 11:33:00','Sarana-Cabut Pindah Praktik Perawat - SIPP','RIZTA NOVITA WULANDHARI',NULL,NULL,NULL,'Harap melengkapi kekurangan berkas: mohon menggunakan materai yang berbeda antara surat pernyataan memiliki sarana dengan surat pernyataan PP','Pengembalian dari PTSP','2024-05-26 18:55:22','2024-05-26 18:55:22',NULL),(129,1,7,'central','30588 / 8 Februari 2024','2024-02-16 15:27:54','2024-02-16 11:40:12','Sarana-Izin Baru Praktik Perawat - SIPP','SRI HAYATI KUMAWANI',NULL,NULL,'Berkas Lengkap Secara Administrasi',NULL,'Lanjut ke OPD','2024-05-26 18:55:22','2024-05-26 18:55:22',NULL),(130,1,7,'central','30982 / 10 Februari 2024 * Kembali ','2024-02-15 17:14:09','2024-02-16 09:01:44','Izin Baru Praktik Teknis Kefarmasian - SIPTTK','ZIDAN UBAIDDILLAH ',NULL,NULL,'Lanjut',NULL,'Lanjut ke OPD','2024-05-26 18:55:22','2024-05-26 18:55:22',NULL),(131,1,6,'central','30984 / 10 Februari 2024 * Kembali','2024-02-16 09:14:42','2024-02-16 13:18:34','Perpanjangan Izin Pemakaian Tanah','M. SYAIFUL',NULL,'81803007119','Berkas lengkap dan benar',NULL,'Lanjut ke OPD','2024-05-26 18:55:22','2024-05-26 18:55:22',NULL),(132,1,7,'central','30986 / 10 Februari 2024 * Kembali','2024-02-16 15:34:08','2024-02-16 09:30:00','Sarana-Perpanjangan Izin Praktik Perawat - SIPP','DWI RATNA SARI',NULL,NULL,NULL,'Harap melengkapi kekurangan berkas: Surat Rekomendasi dari Organisasi Profesi(PPNI) beserta bukti pemenuhan kecukupan SKP=> rekom + kecukupan SKP dari DPD PPNI Kota Surabaya jadi 1 PDF, apabila kurang jelas dapat menghubungi UPTSA 031-5982284 ext 0 atau Live Chat: 085234982434','Pengembalian dari PTSP','2024-05-26 18:55:22','2024-05-26 18:55:22',NULL),(133,1,7,'central','30989 / 10 Februari 2024 * Kembali','2024-02-16 08:02:08','2024-02-16 08:27:50','Sarana-Perpanjangan Izin Praktik Dokter Umum/Gigi/Spesialis/Spesialis Gigi/PPDS/PPDGS','MEYTA MINGGAR KUSUMASARI,',NULL,NULL,NULL,'Mohon menghubungi  uptsa timur (031 5982284) Apabila kurang jelas dikarenakan masih banyak berkas yang kurang',NULL,'2024-05-26 18:55:22','2024-05-26 18:55:22',NULL),(134,1,7,'central','31022 / 10 Februari 2024 * Kembali','2024-02-15 11:31:22','2024-02-16 08:30:39','Sarana-Pencabutan Izin Praktik Perawat - SIPP','RIZKY DYAH AYU MULYANI',NULL,NULL,'LANJUT',NULL,'lanjut ke OPD ','2024-05-26 18:55:22','2024-05-26 18:55:22',NULL),(135,1,7,'central','31069 / 10 Februari 2024 * Kembali ','2024-02-16 16:13:52','2024-02-16 10:38:59','Perorangan-Perpanjangan Izin Praktik Dokter Umum/Gigi/Spesialis/Spesialis Gigi','AMELIA TANDJUNG,DRG ',NULL,NULL,'Lanjut',NULL,'Lanjut ke OPD','2024-05-26 18:55:22','2024-05-26 18:55:22',NULL),(136,1,9,'central','31119 / 11 Februari 2024 * New','2024-02-15 16:10:44','2024-02-16 06:43:12','Surat Keterangan Penelitian','WINDA PRATIWI',NULL,NULL,NULL,'mohon merubah atau mengganti  Surat Pengantar dari Universitas atau Lembaga (Point syarat no.2) kepada Kepala Dinas Penanaman Modal dan PTSP Kota Surabaya Jalan Tunjungan No. 1-3.','pengembalian ke OPD','2024-05-26 18:55:22','2024-05-26 18:55:22',NULL),(137,1,2,'central','31158 / 11 Februari 2024 * OPD','2024-02-15 20:10:03','2024-02-16 07:57:54','Perpanjangan Izin Pemakaian Rusun','KUSWANTORO',NULL,'81233130304',NULL,'terdapat unit lain dalam 1 KK di rusun dupak bangunrejo blok A unit 101.','Pengembalian dari OPD','2024-05-26 18:55:22','2024-05-26 18:55:22',NULL),(138,1,7,'central','31276 / 12 Februari 2024 * Kembali','2024-02-15 12:18:43','2024-02-16 09:45:00','Sarana-Perpanjangan Izin Praktik Perawat - SIPP','FEBRI KARDINA',NULL,'-','Berkas lengkap sesuai persyaratan administrasi',NULL,'Lanjut ke OPD','2024-05-26 18:55:22','2024-05-26 18:55:22',NULL),(139,1,7,'central','31311 / 12 Februari 2024 * Kembali','2024-02-16 16:41:07','2024-02-16 11:29:20','Sarana-Perpanjangan Izin Praktik Perawat - SIPP','ANISA HALIMATUS',NULL,NULL,'Berkas Lengkap Secara Administrasi',NULL,'Lanjut ke OPD','2024-05-26 18:55:22','2024-05-26 18:55:22',NULL),(140,1,9,'central','31359 / 12 Februari 2024 * New','2024-02-15 16:14:25','2024-02-16 07:30:00','Surat Keterangan Magang/PKL/KKN','NUR LUTFIANAH, S.SI.T.',NULL,NULL,'berkas lengkap sesuai persyaratan',NULL,'LANJUT KE OPD','2024-05-26 18:55:22','2024-05-26 18:55:22',NULL),(141,1,4,'central','31419 / 12 Februari 2024 * Kembali','2024-02-16 16:31:38','2024-02-16 01:26:24','Izin Pemakaian Ruang Terbuka Hijau','INDARIJANI WILUDJENG',NULL,NULL,'Berkas lengkap secara Administrasi',NULL,'LANJUT OPD','2024-05-26 18:55:22','2024-05-26 18:55:22',NULL),(142,1,9,'central','31529 / 12 Februari 2024 * Kembali','2024-02-15 16:24:56','2024-02-16 07:31:00','Surat Keterangan Magang/PKL/KKN','IHZAREVA RIZKY RAFIQI',NULL,NULL,'berkas lengkap sesuai persyaratan',NULL,'LANJUT KE OPD','2024-05-26 18:55:22','2024-05-26 18:55:22',NULL),(143,1,4,'central','31842 / 12 Februari 2024 * New','2024-02-16 16:57:54','2024-02-16 14:23:00','Izin Perabuan Jenazah/Kerangka','H.MOCH.SUNDORO SASONGKO',NULL,NULL,'Lanjut',NULL,'lanjut ke OPD','2024-05-26 18:55:22','2024-05-26 18:55:22',NULL),(144,1,4,'central','31862 / 12 Februari 2024 * New','2024-02-16 16:49:31','2024-02-16 14:10:00','Izin Perabuan Jenazah/Kerangka','HARRY GUNAWAN',NULL,NULL,'Lanjut',NULL,'lanjut ke OPD','2024-05-26 18:55:22','2024-05-26 18:55:22',NULL),(145,1,7,'central','31866 / 12 Februari 2024 * New','2024-02-16 16:52:22','2024-02-16 13:43:00','Sarana-Perpanjangan Izin Praktik Perawat - SIPP','ADVENIA EKA PUTRI MAWASTI',NULL,'-','Berkas lengkap sesuai persyaratan administrasi',NULL,'Lanjut ke OPD','2024-05-26 18:55:22','2024-05-26 18:55:22',NULL),(146,1,7,'central','31912 / 12 Februari 2024 * Kembali','2024-02-15 16:58:55','2024-02-16 08:42:28','Sarana-Izin Baru Praktik Dokter Umum/Gigi/Spesialis/Spesialis Gigi/PPDS/PPDGS','ANDRE KURNIAWAN NUR HUDA',NULL,NULL,'LANJUT',NULL,'lanjut ke OPD ','2024-05-26 18:55:22','2024-05-26 18:55:22',NULL),(147,1,7,'central','31930 / 12 Februari 2024 * Kembali','2024-02-16 11:37:55','2024-02-16 13:45:00','Sarana-Perpanjangan Izin Praktik Bidan - SIPB','HERYU VINA INDRIANI',NULL,'-','Berkas lengkap sesuai persyaratan administrasi',NULL,'Lanjut ke OPD','2024-05-26 18:55:22','2024-05-26 18:55:22',NULL),(148,1,2,'central','31949 / 12 Februari 2024 * New','2024-02-16 10:54:47','2024-02-16 05:45:36','PBG Rumah Tinggal Pengembang','ANI LIEM',NULL,'89651122733','berkas lengkap administrasi',NULL,'Lanjut ke OPD','2024-05-26 18:55:22','2024-05-26 18:55:22',NULL),(149,1,7,'central','31963 / 12 Februari 2024 * Kembali','2024-02-15 13:25:51','2024-02-16 09:47:00','Perpanjangan Izin Praktik Teknis Kefarmasian - SIPTTK','AGUS DARMAWAN',NULL,'-','Berkas lengkap sesuai persyaratan administrasi',NULL,'Lanjut ke OPD','2024-05-26 18:55:22','2024-05-26 18:55:22',NULL),(150,1,4,'central','32011 / 12 Februari 2024 * New','2024-02-16 19:16:10','2024-02-16 14:20:00','Izin Perabuan Jenazah/Kerangka','BENNY SANTOSO',NULL,NULL,'Lanjut',NULL,'lanjut ke OPD','2024-05-26 18:55:22','2024-05-26 18:55:22',NULL),(151,1,6,'central','32042 / 12 Februari 2024 * Kembali','2024-02-16 11:29:21','2024-02-16 14:46:05','Perpanjangan Izin Pemakaian Tanah','LIANAWATI TJANDRA',NULL,'081938510003 \n','berkas lengkap sesuai persyaratan',NULL,'Lanjut ke OPD','2024-05-26 18:55:22','2024-05-26 18:55:22',NULL),(152,1,7,'central','32120 / 12 Februari 2024 * Kembali','2024-02-15 13:31:43','2024-02-16 07:26:18','Sarana-Izin Baru Praktik Perawat - SIPP','DINDA FADJRIN DWI ANGGRAINI',NULL,NULL,'Berkas Lengkap Secara Administrasi',NULL,'Lanjut ke OPD','2024-05-26 18:55:22','2024-05-26 18:55:22',NULL),(153,1,7,'central','32138 / 12 Februari 2024 * Kembali','2024-02-16 15:46:27','2024-02-16 09:22:00','Perpanjangan Izin Praktik Baru Ahli Teknologi Laboratorium Medik - ATLM','MEGA SUKMA MOEGI LESTARI ROHMAN',NULL,NULL,'Berkas lengkap administrasi',NULL,'lanjut ke opd','2024-05-26 18:55:22','2024-05-26 18:55:22',NULL),(154,1,6,'central','32144 / 12 Februari 2024 * New','2024-02-15 19:28:12','2024-02-16 08:48:58','Pengalihan Izin Pemakaian Tanah','DEFI INDAH SARI',NULL,NULL,'Berkas lengkap sesuai persyaratan administrasi',NULL,'Lanjut ke OPD','2024-05-26 18:55:22','2024-05-26 18:55:22',NULL),(155,1,2,'central','32158 / 12 Februari 2024 * Kembali','2024-02-16 20:53:54','2024-02-16 14:07:00','KRK Rumah Tinggal Tidak Sederhana','JULIATI DWI RAHAYU',NULL,NULL,'Lanjut',NULL,'lanjut ke OPD','2024-05-26 18:55:22','2024-05-26 18:55:22',NULL),(156,1,7,'central','32187 / 12 Februari 2024 * Kembali','2024-02-15 19:52:16','2024-02-16 09:48:00','Sarana-Perpanjangan Izin Tenaga Fisioterapis - SIPF','DWI DARMAWAN',NULL,'85101807061',NULL,'Mohon gunakan nomer online baru dan pilih permohonan Sarana-Perpanjangan','Pengembalian dari PTSP','2024-05-26 18:55:22','2024-05-26 18:55:22',NULL),(157,1,7,'central','32241 / 12 Februari 2024 * Kembali','2024-02-16 20:17:09','2024-02-16 09:51:00','Sarana-Perpanjangan Izin Praktik Perawat - SIPP','SILVIANA RISZIKI ROMANIA',NULL,'82139128592',NULL,'Mohon upload Surat Rekomendasi dari Organisasi Profesi(PPNI) beserta bukti pemenuhan kecukupan SKP (Rekom yang dikeluarkan oleh PPNI Cab Surabaya bukan Rekom yang dikeluarkan oleh PPNI Sarana)','Pengembalian dari PTSP','2024-05-26 18:55:22','2024-05-26 18:55:22',NULL),(158,1,7,'central','32275 / 13 Februari 2024 * Kembali','2024-02-15 21:02:48','2024-02-16 08:44:04','Sarana-Izin Baru Praktik Dokter Umum/Gigi/Spesialis/Spesialis Gigi/PPDS/PPDGS','NIDA HANA SALSABILA',NULL,NULL,'LANJUT',NULL,'lanjut ke OPD ','2024-05-26 18:55:22','2024-05-26 18:55:22',NULL),(159,1,7,'central','32359 / 13 Februari 2024 * Kembali','2024-02-15 20:31:20','2024-02-16 08:45:19','Perorangan-Pencabutan Izin Praktik Dokter Umum/Gigi/Spesialis/Spesialis Gigi','RIZKI NUR RACHMAN PUTRA GOFUR',NULL,NULL,'LANJUT',NULL,'lanjut ke OPD ','2024-05-26 18:55:22','2024-05-26 18:55:22',NULL),(160,1,1,'central','32444 / 13 Februari 2024 * New','2024-02-16 23:05:28','2024-02-16 10:00:22','Izin Pemakaian Stan Sentra makanan dan Minuman','RETNO PUSPITO RINI, SE',NULL,'85161867808','Berkas permohonan sesuai dengan persyaratan',NULL,'Lanjut ke OPD','2024-05-26 18:55:22','2024-05-26 18:55:22',NULL),(161,1,7,'central','32475 / 13 Februari 2024 * Kembali','2024-02-15 21:26:55','2024-02-16 08:56:42','Surat Keterangan Izin Praktik Dokter Umum/Gigi/Spesialis/Spesialis Gigi/PPDS/PPDGS','ADI CAHYO PURNOMO, DRG',NULL,NULL,'LANJUT',NULL,'lanjut ke OPD ','2024-05-26 18:55:22','2024-05-26 18:55:22',NULL),(162,1,7,'central','32505 / 13 Februari 2024 * New','2024-02-15 21:57:09','2024-02-16 09:54:00','Sarana-Izin Baru Praktik Bidan - SIPB','SALSA PRAMISWARI ISWARA',NULL,'89502023738',NULL,'(1) Mohon alamat KTP, alamat domisili dan alamat sarana pada data entrian diberi tambahan KOTA (2) Mohon upload Copy SIB/STRB yang masih berlaku dan dilegalisir (3) Mohon upload Surat Rekomendasi dari Organisasi Profesi (IBI) beserta bukti pemenuhan kecukupan SKP (4) Mohon upload Peta lokasi da denah tempat praktik beserta peralata yang digunakan (untuk praktir perorangan) (5) Mohon upload Copy Sertifikat yang dilegalisir (Ijazah Legalisir)','Pengembalian dari PTSP','2024-05-26 18:55:22','2024-05-26 18:55:22',NULL),(163,1,12,'central','32526 / 13 Februari 2024 ','2024-02-16 21:52:15','2024-02-16 10:10:25','Izin Pemakaian Stan Sentra makanan dan Minuman','AGUS TRIYONO',NULL,NULL,NULL,'Mohon menggunakan Surat Pernyataan terbaru','Pengembalian dari UPTSA','2024-05-26 18:55:22','2024-05-26 18:55:22',NULL),(164,1,6,'central','32527 / 13 Februari 2024 * Kembali','2024-02-15 21:56:33','2024-02-16 08:30:00','Perpanjangan Izin Pemakaian Tanah','BUDI SANTOSO HADI WIJAYA, ST',NULL,NULL,'lanjut OPD',NULL,'lanjut ke opd','2024-05-26 18:55:22','2024-05-26 18:55:22',NULL),(165,1,12,'central','32533 / 13 Februari 2024 * OPD','2024-02-16 21:57:12','2024-02-16 10:11:05','Izin Pemakaian Stan Sentra makanan dan Minuman','LILIK KEMIRI',NULL,'085161867808',NULL,'Meneruskan dari OPD, berkas dikembalikan dengan catatan : Mohon menggunakan Surat Pernyataan terbaru. Terima kasih.','Pengembalian dari OPD','2024-05-26 18:55:22','2024-05-26 18:55:22',NULL),(166,1,12,'central','32538 / 13 Februari 2024 * Kembali','2024-02-16 15:59:44','2024-02-16 14:37:59','Izin Pemakaian Stan Sentra makanan dan Minuman','MOH. MUALLAM',NULL,NULL,'Berkas lengkap secara administrasi',NULL,'Lanjut ke OPD','2024-05-26 18:55:22','2024-05-26 18:55:22',NULL),(167,1,12,'central','32547 / 13 Februari 2024 * Kembali','2024-02-16 15:59:44','2024-02-16 14:31:59','Izin Pemakaian Stan Sentra makanan dan Minuman','MAT AMIN',NULL,'85161867808','Berkas lengkap dan benar',NULL,'Lanjut ke OPD','2024-05-26 18:55:22','2024-05-26 18:55:22',NULL),(168,1,12,'central','32550 / 13 Februari 2024 * OPD','2024-02-16 15:59:44','2024-02-16 10:13:45','Izin Pemakaian Stan Sentra makanan dan Minuman','LENI MARLENA',NULL,'085161867808',NULL,'Meneruskan dari OPD, berkas dikembalikan dengan catatan : Surat pernyataan harus menggunakan yang baru. Terima kasih.','Pengembalian dari OPD','2024-05-26 18:55:22','2024-05-26 18:55:22',NULL),(169,1,12,'central','32554 / 13 Februari 2024 * OPD','2024-02-16 15:59:44','2024-02-16 10:14:22','Izin Pemakaian Stan Sentra makanan dan Minuman','SLAMET HERIANTO',NULL,'085161867808',NULL,'Meneruskan dari OPD, berkas dikembalikan dengan catatan : Surat pernyataan harus menggunakan yang baru. Terima kasih.','Pengembalian dari OPD','2024-05-26 18:55:22','2024-05-26 18:55:22',NULL),(170,1,9,'central','32558 / 13 Februari 2024 * New','2024-02-16 15:59:44','2024-02-16 14:03:30','Surat Keterangan Magang/PKL/KKN','FIRDYAN SEPTIANI HERAWATI',NULL,NULL,'Berkas lengkap secara administrasi',NULL,'Lanjut ke OPD','2024-05-26 18:55:22','2024-05-26 18:55:22',NULL),(171,1,12,'central','32563 / 13 Februari 2024','2024-02-16 15:59:44','2024-02-16 10:15:02','Izin Pemakaian Stan Sentra makanan dan Minuman','ABDUL HAYYI',NULL,'81803275589',NULL,'Mohon menggunakan Surat Pernyataan terbaru','Pengembalian dari UPTSA','2024-05-26 18:55:22','2024-05-26 18:55:22',NULL),(172,1,12,'central','32572 / 13 Februari 2024 * OPD','2024-02-16 08:50:11','2024-02-16 10:15:53','Izin Pemakaian Stan Sentra makanan dan Minuman','MUNTO SETIJO UTOMO',NULL,'085161867808',NULL,'Meneruskan dari OPD, berkas dikembalikan dengan catatan : pernyataan menggunakan yang baru. Terima kasih.','Pengembalian dari OPD','2024-05-26 18:55:22','2024-05-26 18:55:22',NULL),(173,1,12,'central','32578 / 13 Februari 2024 * OPD','2024-02-16 01:53:17','2024-02-16 10:24:50','Izin Pemakaian Stan Sentra makanan dan Minuman','TULUS WICAKSONO',NULL,'085161867808',NULL,'Meneruskan dari OPD, berkas dikembalikan dengan catatan : pernyataan menggunakan yang baru. Terima kasih.','Pengembalian dari OPD','2024-05-26 18:55:22','2024-05-26 18:55:22',NULL),(174,1,12,'central','32584 / 13 Februari 2024 * OPD','2024-02-16 03:38:57','2024-02-16 10:25:39','Izin Pemakaian Stan Sentra makanan dan Minuman','C RULIK ISMAWATI',NULL,'085161867808',NULL,'Meneruskan dari OPD, berkas dikembalikan dengan catatan : pernyataan menggunakan yang baru. Terima kasih.','Pengembalian dari OPD','2024-05-26 18:55:22','2024-05-26 18:55:22',NULL),(175,1,12,'central','32592 / 13 Februari 2024 * OPD','2024-02-16 04:16:10','2024-02-16 10:26:14','Izin Pemakaian Stan Sentra makanan dan Minuman','NUNIK AFIFAH',NULL,'085161867808',NULL,'Meneruskan dari OPD, berkas dikembalikan dengan catatan : pernyataan menggunakan yang baru. Terima kasih.','Pengembalian dari OPD','2024-05-26 18:55:22','2024-05-26 18:55:22',NULL),(176,1,12,'central','32594 / 13 Februari 2024 * OPD','2024-02-16 06:23:20','2024-02-16 10:26:47','Izin Pemakaian Stan Sentra makanan dan Minuman','NUR ASIYAH',NULL,'085161867808',NULL,'Meneruskan dari OPD, berkas dikembalikan dengan catatan : pernyataan menggunakan yang baru. Terima kasih.','Pengembalian dari OPD','2024-05-26 18:55:22','2024-05-26 18:55:22',NULL),(177,1,6,'central','32595 / 13 Februari 2024 * OPD','2024-02-15 09:00:42','2024-02-16 08:56:31','Rekomendasi SKRK untuk Pemecahan IPT','UMI KALSUM',NULL,'0822324220943',NULL,'pemohon meminta jadwal ukur ulang','Pengembalian dari OPD','2024-05-26 18:55:22','2024-05-26 18:55:22',NULL),(178,1,12,'central','32598 / 13 Februari 2024 * OPD','2024-02-16 08:18:19','2024-02-16 10:46:25','Izin Pemakaian Stan Sentra makanan dan Minuman','ANDRI PUDJIANTO, SE',NULL,'085161867808',NULL,'Meneruskan dari OPD, berkas dikembalikan dengan catatan : pernyataan menggunakan yang baru. Terima kasih.','Pengembalian dari OPD','2024-05-26 18:55:22','2024-05-26 18:55:22',NULL),(179,1,12,'central','32600 / 13 Februari 2024 * OPD','2024-02-16 12:12:41','2024-02-16 10:47:17','Izin Pemakaian Stan Sentra makanan dan Minuman','MARSIN',NULL,'085161867808',NULL,'Meneruskan dari OPD, berkas dikembalikan dengan catatan : pernyataan menggunakan yang baru. Terima kasih.','Pengembalian dari OPD','2024-05-26 18:55:22','2024-05-26 18:55:22',NULL),(180,1,12,'central','32605 / 13 Februari 2024 * OPD','2024-02-16 08:44:20','2024-02-16 10:48:09','Izin Pemakaian Stan Sentra makanan dan Minuman','PUDARMONO',NULL,'085161867808',NULL,'Meneruskan dari OPD, berkas dikembalikan dengan catatan : pernyataan menggunakan yang baru. Terima kasih.','Pengembalian dari OPD','2024-05-26 18:55:22','2024-05-26 18:55:22',NULL),(181,1,12,'central','32610 / 13 Februari 2024 * OPD','2024-02-16 08:30:52','2024-02-16 10:49:06','Izin Pemakaian Stan Sentra makanan dan Minuman','BUDIONO',NULL,'085161867808',NULL,'Meneruskan dari OPD, berkas dikembalikan dengan catatan : pernyataan menggunakan yang baru. Terima kasih.','Pengembalian dari OPD','2024-05-26 18:55:22','2024-05-26 18:55:22',NULL),(182,1,12,'central','32613 / 13 Februari 2024 * OPD','2024-02-16 08:28:40','2024-02-16 10:51:03','Izin Pemakaian Stan Sentra makanan dan Minuman','SLAMET',NULL,'085161867808',NULL,'Meneruskan dari OPD, berkas dikembalikan dengan catatan : pernyataan menggunakan yang baru. Terima kasih.','Pengembalian dari OPD','2024-05-26 18:55:22','2024-05-26 18:55:22',NULL),(183,1,12,'central','32617 / 13 Februari 2024 * OPD','2024-02-16 09:54:15','2024-02-16 10:51:56','Izin Pemakaian Stan Sentra makanan dan Minuman','MIMBARTONO',NULL,'085161867808',NULL,'Meneruskan dari OPD, berkas dikembalikan dengan catatan : pernyataan menggunakan yang baru. Terima kasih.','Pengembalian dari OPD','2024-05-26 18:55:22','2024-05-26 18:55:22',NULL),(184,1,12,'central','32620 / 13 Februari 2024 * OPD','2024-02-16 09:00:17','2024-02-16 10:53:01','Izin Pemakaian Stan Sentra makanan dan Minuman','WAHYU ADI RIANTO',NULL,'085161867808',NULL,'Meneruskan dari OPD, berkas dikembalikan dengan catatan : pernyataan menggunakan yang baru. Terima kasih.','Pengembalian dari OPD','2024-05-26 18:55:22','2024-05-26 18:55:22',NULL),(185,1,12,'central','32623 / 13 Februari 2024 * OPD','2024-02-16 10:05:23','2024-02-16 10:54:41','Izin Pemakaian Stan Sentra makanan dan Minuman','NUR KHASANAH',NULL,'085161867808',NULL,'Meneruskan dari OPD, berkas dikembalikan dengan catatan : pernyataan menggunakan yang baru. Terima kasih.','Pengembalian dari OPD','2024-05-26 18:55:22','2024-05-26 18:55:22',NULL),(186,1,2,'central','32627 / 13 Februari 2024 * Kembali','2024-02-16 09:39:51','2024-02-16 09:58:11','KRK Non Rumah Tinggal','SENIJONG',NULL,NULL,'LANJUT',NULL,'lanjut ke opd','2024-05-26 18:55:22','2024-05-26 18:55:22',NULL),(187,1,12,'central','32628 / 13 Februari 2024 * Kembali','2024-02-16 11:31:17','2024-02-16 10:56:07','Izin Pemakaian Stan Sentra makanan dan Minuman','AZIZUL WAHID',NULL,NULL,'Mohon koreksi.',NULL,'Lanjut ke OPD','2024-05-26 18:55:22','2024-05-26 18:55:22',NULL),(188,1,7,'central','32655 / 13 Februari 2024 * Kembali','2024-02-16 09:49:07','2024-02-16 13:46:00','Sarana-Cabut Pindah Izin Praktik Dokter Umum/Gigi/Spesialis/Spesialis Gigi/PPDS/PPDGS','SHELVI APRIANTI',NULL,'-','Berkas lengkap sesuai persyaratan administrasi',NULL,'Lanjut ke OPD','2024-05-26 18:55:22','2024-05-26 18:55:22',NULL),(189,1,5,'central','32711 / 13 Februari 2024 * Kembali','2024-02-15 13:52:48','2024-02-16 07:53:28','NON KOMERSIAL - Pemakaian Lapangan THOR','ZULFIKRI CHARIS DARMAWAN',NULL,'85704029170','Berkas lengkap dan benar',NULL,'Lanjut ke OPD','2024-05-26 18:55:22','2024-05-26 18:55:22',NULL),(190,1,7,'central','32738 / 13 Februari 2024 * New','2024-02-16 10:36:18','2024-02-16 13:49:00','Sarana-Izin Baru Praktik Dokter Umum/Gigi/Spesialis/Spesialis Gigi/PPDS/PPDGS','DESY RAHMAWATI',NULL,'-','Berkas lengkap sesuai persyaratan administrasi',NULL,'Lanjut ke OPD','2024-05-26 18:55:22','2024-05-26 18:55:22',NULL),(191,1,7,'central','32775 / 13 Februari 2024 * Kembali','2024-02-16 10:38:45','2024-02-16 11:22:10','Sarana-Izin Baru Praktik Perawat - SIPP','INTAN RHAMADANI FITRIYAH, A.MD.KEP.',NULL,NULL,'Berkas Lengkap Secara Administrasi',NULL,'Lanjut ke OPD','2024-05-26 18:55:22','2024-05-26 18:55:22',NULL),(192,1,7,'central','32842 / 13 Februari 2024 * Kembali','2024-02-15 10:00:52','2024-02-16 09:59:00','Sarana-Izin Baru Praktik Perawat - SIPP','RACHMANINGRUM',NULL,'895627572445',NULL,'(1) Mohon alamat sarana pada data entrian sesuaikan dengan Ijin Operasional Sarana secara lengkap (Kampus C UNAIR JL. ........) (3) Mohon upload Surat Pernyataan memiliki tempat kerja sarana/fasilitas pelayanan kesehatan (bermaterai Rp. 10.000,-) alamat sarana sesuaikan dengan Ijin Operasional Sarana secara lengkap','Pengembalian dari PTSP','2024-05-26 18:55:22','2024-05-26 18:55:22',NULL),(193,1,7,'central','32897 / 13 Februari 2024 * Kembali','2024-02-16 12:55:11','2024-02-16 09:24:17','Sarana-Izin Baru Praktik Perawat - SIPP','ERLINA NURHAYATI',NULL,NULL,'LANJUT',NULL,'lanjut ke OPD ','2024-05-26 18:55:23','2024-05-26 18:55:23',NULL),(194,1,9,'central','33009 / 13 Februari 2024 * New','2024-02-15 09:59:04','2024-02-16 07:39:00','Surat Keterangan Penelitian','SALSABILA NURILIYAH RASHEL',NULL,NULL,'berkas lengkap sesuai persyaratan',NULL,'LANJUT KE OPD','2024-05-26 18:55:23','2024-05-26 18:55:23',NULL),(195,1,6,'central','33031 / 13 Februari 2024 * New','2024-02-15 10:14:06','2024-02-16 09:04:04','Pemutihan IPT','ILHAM',NULL,NULL,'Berkas lengkap sesuai persyaratan administrasi',NULL,'Lanjut ke OPD','2024-05-26 18:55:23','2024-05-26 18:55:23',NULL),(196,1,7,'central','33067 / 13 Februari 2024 * New','2024-02-15 10:05:22','2024-02-16 09:41:00','Perpanjangan Izin Kerja Perekam Medis - SIKPM','ATIK PURWANTI, AMD,PK',NULL,NULL,NULL,'HArap melengkapi kekurangan berkas: cek kembali data entrian step 1 dan 2 alamat beri nama kota, 2 Copy Sertifikat pelatihan yang dimiliki yang dilegalisir asli=> ijazah legalisir, 3 Surat Keterangan : dari pimpinan sarana pelayanan kesehatan sebagai tempat kerjanya beserta copy ijin penyelenggaraan sarana kesehatan yang masih berlaku=> surket kerja+NIB beserta lampirannya versi RBA+sertifikat standar yang telah terverifikasi dan persteknya jadi 1 PDF, 4 SIK Perekam Medis lama asli apabila perpanjangan atau pindah tempat praktik=> masih ada masa berlaku dan dapat diperpanjang H-2 Bulan Sebelum Exp, 5 Surat Pernyataan memiliki tempat kerja di sarana / fasilitas pelayanan kesehatan (bermaterai 10.000,-)=> form ada pada kolom upload dan diketik kembali dengan rapi bukan tulisan tangan ','Pengembalian dari PTSP','2024-05-26 18:55:23','2024-05-26 18:55:23',NULL),(197,1,6,'central','33080 / 13 Februari 2024 * Kembali','2024-02-16 14:20:03','2024-02-16 09:13:00','Pengalihan Izin Pemakaian Tanah','IR. ANWAR HUTOMO',NULL,NULL,'Berkas lengkap administrasi',NULL,'lanjut ke opd','2024-05-26 18:55:23','2024-05-26 18:55:23',NULL),(198,1,7,'central','33097 / 13 Februari 2024 * Kembali','2024-02-16 10:37:54','2024-02-16 13:52:00','Izin Baru Kerja Refraksionis Optisien - SIKRO/ SIKO','ENY PRASETIYOWATI',NULL,'81513646174',NULL,'Mohon upload Surat Keterangan dari fasilitas pelayanan kesehatan sebagai tempat praktiknya beserta copy izin penyelenggaraan sarana kesehatan yang masih berlaku','Pengembalian dari PTSP','2024-05-26 18:55:23','2024-05-26 18:55:23',NULL),(199,1,9,'central','33108 / 13 Februari 2024 * Kembali','2024-02-15 10:29:00','2024-02-16 08:39:00','Surat Keterangan Penelitian','PUTRI HALLA SHAVIRA',NULL,NULL,'berkas lengkap sesuai persyaratan',NULL,'LANJUT KE OPD','2024-05-26 18:55:23','2024-05-26 18:55:23',NULL),(200,1,7,'central','33111 / 13 Februari 2024 * Kembali','2024-02-16 10:38:13','2024-02-16 13:54:00','Cabut Pindah Izin Praktik Baru Ahli Teknologi Laboratorium Medik - ATLM','BRAVO AISYA',NULL,'82140880295',NULL,'Mohon lampirkan STR lama dikarenakan masa berlaku STR masih aktif hingga 2026','Pengembalian dari PTSP','2024-05-26 18:55:23','2024-05-26 18:55:23',NULL),(201,1,7,'central','33142 / 14 Februari 2024 * Kembali','2024-02-16 10:38:02','2024-02-16 11:20:58','Sarana-Izin Baru Praktik Perawat - SIPP','EKA APRILLIA DIYAH SANTI K, S.KEP, NS.',NULL,NULL,'Berkas Lengkap Secara Administrasi',NULL,'Lanjut ke OPD','2024-05-26 18:55:23','2024-05-26 18:55:23',NULL),(202,1,2,'central','33202 / 14 Februari 2024 * Kembali','2024-02-15 10:38:51','2024-02-16 08:16:30','KRK Non Rumah Tinggal','CAROLINE MAHENDRA',NULL,NULL,'LANJUT',NULL,'lanjut ke opd','2024-05-26 18:55:23','2024-05-26 18:55:23',NULL),(203,1,6,'central','33218 / 14 Februari 2024 * New','2024-02-16 11:02:23','2024-02-16 10:05:00','Pengalihan Izin Pemakaian Tanah','SULASTRI',NULL,NULL,'lanjut OPD',NULL,'lanjut ke opd','2024-05-26 18:55:23','2024-05-26 18:55:23',NULL),(204,1,7,'central','33220 / 14 Februari 2024 * Kembali','2024-02-15 11:27:09','2024-02-16 09:01:33','Sarana-Cabut Pindah Praktik Perawat - SIPP','SILVIA DAMAYANTI',NULL,NULL,'LANJUT',NULL,'lanjut ke OPD ','2024-05-26 18:55:23','2024-05-26 18:55:23',NULL),(205,1,6,'central','33223 / 14 Februari 2024 * New','2024-02-16 11:19:18','2024-02-16 09:41:00','Perpanjangan Izin Pemakaian Tanah','TEGUH BOESONO',NULL,NULL,NULL,'Keterangan : 1. Mohon upload Lunas Retribusi 2024, \n2. mohon Upload Asli IPT secara lengkap, ','pengembalian ke OPD','2024-05-26 18:55:23','2024-05-26 18:55:23',NULL),(206,1,7,'central','33227 / 14 Februari 2024 * Kembali','2024-02-15 13:17:55','2024-02-16 10:02:00','Rekomendasi Kesehatan Izin Laik Fungsi Bangunan','ROY PANDHU WIDJOJO / PT MAHESI AGRI KARYA',NULL,'81332812021',NULL,'(1) Mohon upload Surat Permohonan Rekomendasi Kesehatan Izin Laik Fungsi Bangunan Kepada Kepala Dinas Kesehatan Kota Surabaya (beri materai, stempel dan ttd) (2) Mohon upload Hasil Pengujian Laboratoruim Sampel Air Bersih dan Cheklist Pengawasan Internal berdasarkan Permenkes No.02 Tahun 2023 tentang Peraturan Pemerintah Nomor 66 Tahun 2014 tentang Kesehatan Lingkungan','Pengembalian dari PTSP','2024-05-26 18:55:23','2024-05-26 18:55:23',NULL),(207,1,6,'central','33251 / 14 Februari 2024 * New','2024-02-16 11:07:49','2024-02-16 14:55:00','Perpanjangan Izin Pemakaian Tanah','FRANSISCUS XAVERIUS KELLY KURNIAWAN',NULL,NULL,NULL,'Keterangan : 1. Mohon Upload surat pernyataan terbaru (11 Point), ','pengembalian ke OPD','2024-05-26 18:55:23','2024-05-26 18:55:23',NULL),(208,1,7,'central','33344 / 15 Februari 2024 * Kembali','2024-02-15 11:19:06','2024-02-16 09:43:00','Perpanjangan Izin Kerja Perekam Medis - SIKPM','HERIBERTUS SUHARTONO',NULL,NULL,'Berkas lengkap administrasi',NULL,'lanjut ke opd','2024-05-26 18:55:23','2024-05-26 18:55:23',NULL),(209,1,7,'central','33380 / 15 Februari 2024 * Kembali','2024-02-15 11:38:11','2024-02-16 10:07:00','Rekomendasi Kesehatan Izin Laik Fungsi Bangunan','KWAN MULYADI KARTONO/PT ISTANA SURYA PERKASA',NULL,'81332812021',NULL,'Mohon upload Hasil Pengujian Laboratoruim Sampel Air Bersih dan Cheklist Pengawasan Internal berdasarkan Permenkes No.02 Tahun 2023 tentang Peraturan Pemerintah Nomor 66 Tahun 2014 tentang Kesehatan Lingkungan','Pengembalian dari PTSP','2024-05-26 18:55:23','2024-05-26 18:55:23',NULL),(210,1,6,'central','33414 / 15 Februari 2024 * New','2024-02-15 11:32:55','2024-02-16 08:11:43','Persetujuan Pengalihan Hak IPT','RUM HJ.FAIZAH',NULL,'83857260362',NULL,'Lampirkan Fc. KTP & KK Muhammad Tofa , lampirkan SKRK terbaru dari Dinas Perumahan Rakyat dan kawasan permukiman , koreksi pengisian form hal. ke 2 pada point Mengajukan Permohonan agar diganti PERSETUJUAN PENGALIHAN HAK IPT  dan tambahkan penulisan tanggal IPT ','Pengembalian dari PTSP','2024-05-26 18:55:23','2024-05-26 18:55:23',NULL),(211,1,6,'central','33423 / 15 Februari 2024 * Kembali','2024-02-15 11:22:15','2024-02-16 08:38:00','Pemutihan IPT','SOENARMI, DRA',NULL,NULL,'LANJUT',NULL,'LANJUT OPD','2024-05-26 18:55:23','2024-05-26 18:55:23',NULL),(212,1,1,'central','33434 / 15 Februari 2024 * New','2024-02-16 12:05:45','2024-02-16 09:22:03','Daftar Ulang Izin Operasional Satuan Pendidikan SD','PRIYO SANTOSO LUMADIO, DRS.',NULL,NULL,'Berkas lengkap secara administrasi',NULL,'Lanjut ke OPD','2024-05-26 18:55:23','2024-05-26 18:55:23',NULL),(213,1,9,'central','33509 / 15 Februari 2024 * Kembali','2024-02-16 12:00:40','2024-02-16 13:55:12','Surat Keterangan Penelitian','ZUHRIA OKTAVIANI',NULL,NULL,'Berkas lengkap secara Administrasi',NULL,'LANJUT OPD','2024-05-26 18:55:23','2024-05-26 18:55:23',NULL),(214,1,11,'central','33518 / 15 Februari 2024 * Kembali','2024-02-15 11:52:16','2024-02-16 08:35:10','Tera Ulang di Tempat UTTP Tepasang (Loko)','DEVY ARIVIANY (PT TOSHIN PRIMA FINE BLANKING)',NULL,NULL,'Berkas permohonan diteruskan.',NULL,'Lanjut ke OPD','2024-05-26 18:55:23','2024-05-26 18:55:23',NULL),(215,1,2,'central','33534 / 15 Februari 2024 * New','2024-02-16 12:16:14','2024-02-16 10:00:41','KRK Non Rumah Tinggal','HALIM HADI BROTO',NULL,NULL,'LANJUT',NULL,'lanjut ke opd','2024-05-26 18:55:23','2024-05-26 18:55:23',NULL),(216,1,5,'central','33614 / 15 Februari 2024 * New','2024-02-15 15:59:44','2024-02-16 07:56:15','Pemakaian Sirkuit Gelora Bung Tomo','ABED NEGO ANTORO',NULL,'81399099377','Berkas lengkap dan benar',NULL,'Lanjut ke OPD','2024-05-26 18:55:23','2024-05-26 18:55:23',NULL),(217,1,6,'central','33666 / 15 Februari 2024 * New','2024-02-15 13:14:28','2024-02-16 08:27:01','Perpanjangan Izin Pemakaian Tanah','PUSPOWATI GONDOWIYONO',NULL,'81911808734',NULL,'lampirkan pas foto terbaru dengan ukuran 3X4 tanpa garis tepi, lampirkan bukti bayar sewa tanah th. 2024, lengkapi dan koreksi pengisian form surat pernyataan pada point Mengajukan Permohonan PERPANJANGAN IPT , point 3 coret yang tidak perlu , point 7 dan 9 ditulis TOKO ','Pengembalian dari PTSP','2024-05-26 18:55:23','2024-05-26 18:55:23',NULL),(218,1,7,'central','33695 / 15 Februari 2024 * Kembali','2024-02-16 12:49:45','2024-02-16 09:25:52','Sarana-Izin Baru Praktik Dokter Umum/Gigi/Spesialis/Spesialis Gigi/PPDS/PPDGS','DR. SISKA CITRA AMALIA',NULL,NULL,'LANJUT',NULL,'lanjut ke OPD ','2024-05-26 18:55:23','2024-05-26 18:55:23',NULL),(219,1,7,'central','33716 / 15 Februari 2024 * New','2024-02-15 13:32:56','2024-02-16 10:11:00','Sarana-Perpanjangan Izin Praktik Bidan - SIPB','UMI KUSNUL KOTIMAH',NULL,'81216206575',NULL,'(1) Mohon alamat KTP, alamat domisili dan alamat sarana pada data entrian diberi tambahan KOTA (2) Mohon nama sarana pada data entrian disesuaikan dengan Ijin Operasional Sarana secara lengkap (Rumah Sakit Ibu dan Anak IBI) (3) Mohon upload Pas Photo digital terbaru berwarna ukuran 4 x 6 cm (crop dan rapikan tanpa tepian putih)','Pengembalian dari PTSP','2024-05-26 18:55:23','2024-05-26 18:55:23',NULL),(220,1,7,'central','33736 / 15 Februari 2024 * Kembali','2024-02-16 13:13:51','2024-02-16 13:59:00','Sarana-Izin Baru Praktik Dokter Umum/Gigi/Spesialis/Spesialis Gigi/PPDS/PPDGS','KURNIA AGUSTINA SITOMPUL',NULL,'-','Berkas lengkap sesuai persyaratan administrasi',NULL,'Lanjut ke OPD','2024-05-26 18:55:23','2024-05-26 18:55:23',NULL),(221,1,2,'central','33744 / 15 Februari 2024 * Kembali','2024-02-16 13:28:04','2024-02-16 13:09:43','KRK Non Rumah Tinggal','DANIEL WIDJOJO',NULL,'82331476120','Lanjut',NULL,'Lanjut ke  OPD','2024-05-26 18:55:23','2024-05-26 18:55:23',NULL),(222,1,7,'central','33759 / 15 Februari 2024 * Kembali','2024-02-15 13:32:39','2024-02-16 10:13:00','Sarana-Cabut Pindah Praktik Perawat - SIPP','TRILESTARI WIJAYANTI, A.MD.KEP.',NULL,'-','Berkas lengkap sesuai persyaratan administrasi',NULL,'Lanjut ke OPD','2024-05-26 18:55:23','2024-05-26 18:55:23',NULL),(223,1,6,'central','33779 / 15 Februari 2024 * Kembali','2024-02-16 13:49:13','2024-02-16 13:38:41','Perpanjangan Izin Pemakaian Tanah','ARIEF RIDWANTO',NULL,NULL,NULL,'AGAR MEMBAYAR RETRIBUSI TAHUN 2024 (LAMPIRKAN SSRD RETRIBUSI TH 2024)','pengembalian ke OPD','2024-05-26 18:55:23','2024-05-26 18:55:23',NULL),(224,1,7,'central','33780 / 15 Februari 2024 * New','2024-02-15 13:41:05','2024-02-16 11:35:00','Pencabutan Izin Praktik Tenaga Apoteker - SIPA','FATIMATUS ZEHROH',NULL,NULL,NULL,'Harap melengkapi kekurangan  berkas: Surat Permohonan pengunduran diri Tenaga Pelayanan Kefarmasian, surat persetujuan dari Pimpinan Fasilitas Pelayanan Kefarmasian/Distribusi/Penyaluran/Produksi=> tambahkan surat persetujuan berkop dan stem,pel sarana','Pengembalian dari PTSP','2024-05-26 18:55:23','2024-05-26 18:55:23',NULL),(225,1,6,'central','33804 / 15 Februari 2024 * New','2024-02-15 13:48:29','2024-02-16 08:34:00','Permohonan Pemecahan IPT','MERIE NOVIANA',NULL,NULL,'LANJUT',NULL,'LANJUT OPD','2024-05-26 18:55:23','2024-05-26 18:55:23',NULL),(226,1,1,'central','33811 / 15 Februari 2024','2024-02-16 14:07:01','2024-02-16 11:07:41','Reklame Insidentil','ASIH MURTINI',NULL,NULL,NULL,'Mohon agar mengajukan permohonan secara offline di UPTSA Surabaya Pusat atau untuk konsultasi bisa hubungi  031 99001779','Pengembalian dari UPTSA','2024-05-26 18:55:23','2024-05-26 18:55:23',NULL),(227,1,6,'central','33824 / 15 Februari 2024 * New','2024-02-15 14:02:55','2024-02-16 08:30:00','Persetujuan Pengalihan Hak IPT','ACHMAD RUFI\'I',NULL,NULL,'LANJUT',NULL,'LANJUT OPD','2024-05-26 18:55:23','2024-05-26 18:55:23',NULL),(228,1,2,'central','33831 / 15 Februari 2024 * New','2024-02-16 14:10:49','2024-02-16 07:40:48','PBG Rumah Tinggal Pengembang','EFFENDI HARTONO',NULL,'89651122733','berkas lengkap administrasi',NULL,'Lanjut ke OPD','2024-05-26 18:55:23','2024-05-26 18:55:23',NULL),(229,1,7,'central','33835 / 15 Februari 2024 * New','2024-02-15 14:04:53','2024-02-16 11:39:00','Sarana-Pencabutan Izin Praktik Perawat - SIPP','CATERINA DIANSARI ASTUTI',NULL,NULL,'Berkas lengkap administrasi',NULL,NULL,'2024-05-26 18:55:23','2024-05-26 18:55:23',NULL),(230,1,7,'central','33845 / 15 Februari 2024 * New','2024-02-16 14:28:48','2024-02-16 09:33:24','Sarana-Perpanjangan Izin Praktik Dokter Umum/Gigi/Spesialis/Spesialis Gigi/PPDS/PPDGS','WIHASTO SURYANINGTYAS, DR',NULL,NULL,NULL,'Mohon melengkapi :\n1. Step 1 pada alamat pemhon dan alamat domisili mohon ditambahkan Jl. dan Kota (contoh : Jl. Menur No. 31 C Surabaya)\n2. Surat Pernyataan memiliki tempat kerja di sarana / fasilitas pelayanan kesehatan atau praktik mandiri (bermaterai 10.000,-)\nMohon diketik kembali dan diisi dengan rapi dan jelas bukan ditulis tangan ====>>> Mohon di donwload dan di bubuhi materai dan tanda tangan (untuk mengisi-nya tidak boleh di tulis tangan)','Pengembalian dari PTSP','2024-05-26 18:55:23','2024-05-26 18:55:23',NULL),(231,1,7,'central','33863 / 15 Februari 2024 * Kembali','2024-02-16 14:29:06','2024-02-16 14:01:00','Izin Baru Praktik Teknis Kefarmasian - SIPTTK','SRI HANDAYANI A MD FARM',NULL,'8335590140',NULL,'Mohon upload Surat rekomendasi dari Organisasi Profesi (PAFI) beserta bukti pemenuhan kecukupan SKP','Pengembalian dari PTSP','2024-05-26 18:55:23','2024-05-26 18:55:23',NULL),(232,1,7,'central','33868 / 15 Februari 2024 * New','2024-02-15 18:39:57','2024-02-16 10:23:00','Izin Baru Praktik Tenaga Apoteker - SIPA','RUTH HAPPY SONYA SM.SIPAHUTAR',NULL,'8567668722',NULL,'(1) Mohon upload Surat Pernyataan mempunyai tempat praktik profesi (bermaterai 10.000,-) dan Surat Keterangan dari pimpinan fasilitas pelayanan kefarmasian (2) Mohon upload Surat rekomendasi dari Organisasi Profesi (IAI) beserta bukti pemenuhan kecukupan SKP ','Pengembalian dari PTSP','2024-05-26 18:55:23','2024-05-26 18:55:23',NULL),(233,1,8,'central','33882 / 15 Februari 2024 * New','2024-02-15 08:57:01','2024-02-16 08:41:25','Arahan Sistem Drainase','MAYA AGUSTINA',NULL,NULL,'Berkas lengkap sesuai persyaratan administrasi',NULL,'Lanjut ke OPD','2024-05-26 18:55:23','2024-05-26 18:55:23',NULL),(234,1,7,'central','33887 / 15 Februari 2024 * New','2024-02-15 09:33:12','2024-02-16 10:31:00','Sarana-Izin Baru Praktik Dokter Umum/Gigi/Spesialis/Spesialis Gigi/PPDS/PPDGS','NAILAH IBTISAM INSYIRACH',NULL,'82231030053',NULL,'(1) Mohon alamat KTP, alamat domisili dan alamat sarana pada data entrian diberi tambahan KOTA (2) Mohon Hari dan Jam Praktik pada data entrian diisi secara lengkap (Misal : Senin-Sabtu, 09.00-15.00) (3) Mohon upload Surat Keterangan domisili tinggal di Surabaya (Bagi Penduduk Non Surabaya)/Surat Pernyataan Pulang Pergi bermaterai 10.000 (4) Mohon upload STR Salinan 1/2/3','Pengembalian dari PTSP','2024-05-26 18:55:23','2024-05-26 18:55:23',NULL),(235,1,10,'central','33897 / 15 Februari 2024 * New','2024-02-16 15:52:07','2024-02-16 12:40:00','Pembaharuan Peraturan Perusahaan (PP)','LAYASI SALVATOR KARO KARO',NULL,NULL,'Berkas lengkap administrasi',NULL,'lanjut ke OPD','2024-05-26 18:55:23','2024-05-26 18:55:23',NULL),(236,1,7,'central','33901 / 15 Februari 2024 * New','2024-02-15 16:02:54','2024-02-16 11:43:00','Sarana-Cabut Pindah Praktik Perawat - SIPP','IMBAR YUDHA PRANATA',NULL,NULL,NULL,'HArap melengkapi kekurangan berkas: Surat Pernyataan bermaterai memiliki tempat kerja di fasilitas pelayanan kesehatan atau praktik mandiri=> jam kerja sesuaikan kembali Cth: Senin-Minggu Shift 1: 07.00-14.00 dst (Libur 1 Minggu Berapa Kali)','Pengembalian dari PTSP','2024-05-26 18:55:23','2024-05-26 18:55:23',NULL),(237,1,9,'central','33904 / 15 Februari 2024 * New','2024-02-15 16:01:28','2024-02-16 00:00:00','Surat Keterangan Penelitian','NAFIATUN NISA',NULL,NULL,'Berkas lengkap secara Administrasi',NULL,'LANJUT OPD','2024-05-26 18:55:23','2024-05-26 18:55:23',NULL),(238,1,6,'central','33908 / 15 Februari 2024 * New','2024-02-15 07:47:46','2024-02-16 08:24:01','Persetujuan Permohonan IMB Izin Pemakaian Tanah (IPT)','H.MAMUN HASAN',NULL,'81234000171','Berkas permohonan sesuai dengan persyaratan',NULL,'Lanjut ke OPD','2024-05-26 18:55:23','2024-05-26 18:55:23',NULL),(239,1,2,'central','33914 / 15 Februari 2024 * New','2024-02-15 07:39:23','2024-02-16 08:56:00','PBG Non Rumah Tinggal','IRAWAN,DRS',NULL,NULL,'Lanjut',NULL,'lanjut ke OPD','2024-05-26 18:55:23','2024-05-26 18:55:23',NULL),(240,1,6,'central','33918 / 15 Februari 2024 * New','2024-02-15 14:08:11','2024-02-16 08:27:30','Perubahan IPT','IMAM MASYHURI',NULL,'81332703666','Berkas permohonan sesuai dengan persyaratan (isi nama terang di ttd halaman kedua surat pernyataan)',NULL,'Lanjut ke OPD','2024-05-26 18:55:23','2024-05-26 18:55:23',NULL),(241,1,2,'central','33922 / 15 Februari 2024 * New','2024-02-15 13:58:55','2024-02-16 10:07:21','KRK Non Rumah Tinggal','TEDDY',NULL,NULL,NULL,'1. apabila bertindak atas nama badan usaha (PT), mohon lampirkan ASLI/legalisir notaris akta PT lengkap beserta sk pengesahan dari kemenkumham upload jadi 1 pdf, dimana tercantum juga hubungan hukum pemohon, pemilik tanah dengan PT tsb, 2. Gambar sketsa persil belum ditandatangani oleh pemohon, 3. jika atas nama PT mohon merubah isian di akun ssw alfa step 1, kolom bertindak atas nama diisi nama lengkap PT tsb, 4. belum upload SP KRK--untuk format cek email anda. apabila kurang jelas dapat menghubungi UPTSA','pengembalian ke OPD','2024-05-26 18:55:23','2024-05-26 18:55:23',NULL),(242,1,2,'central','33924 / 15 Februari 2024 * New','2024-02-15 09:22:13','2024-02-16 10:18:35','KRK Rumah Tinggal Tidak Sederhana','ROY REVANUS ANADARKO',NULL,NULL,'LANJUT',NULL,'lanjut ke opd','2024-05-26 18:55:23','2024-05-26 18:55:23',NULL),(243,1,2,'central','33925 / 15 Februari 2024 * New','2024-02-15 08:17:38','2024-02-16 10:29:33','KRK Non Rumah Tinggal','MUHAMMAD ZA\'ID HILMY',NULL,NULL,NULL,'mohon melampirkan ASLI atau legalisir pejabat berwenang hubungan hukum antara pemohon dengan PT Citra Pramita Sejahtera, apabila kurang jelas dapat menghubungi UPTSA ','pengembalian ke OPD','2024-05-26 18:55:23','2024-05-26 18:55:23',NULL),(244,1,2,'central','33938 / 15 Februari 2024 * New','2024-02-15 14:19:35','2024-02-16 11:41:22','KRK Rumah Tinggal Tidak Sederhana','ANDRY WIJAYA',NULL,NULL,NULL,'belum melengkapi persyaratan surat tanah petok D yang dilegalisir oleh lurah atau camat--cek email anda, jika sudah upload jadi 1 pdf dengan Peta bidang dari BPN yang dilegalisir notaris','pengembalian ke OPD','2024-05-26 18:55:23','2024-05-26 18:55:23',NULL),(245,1,7,'central','33964 / 15 Februari 2024 * Kembali','2024-02-16 15:05:50','2024-02-16 11:52:00','Sarana-Izin Baru Praktik Dokter Umum/Gigi/Spesialis/Spesialis Gigi/PPDS/PPDGS','FEBRIAN BRAHMANA, DR',NULL,NULL,'Berkas lengkap administrasi',NULL,'lanjut ke opd','2024-05-26 18:55:23','2024-05-26 18:55:23',NULL),(246,1,7,'central','33965 / 15 Februari 2024 * New','2024-02-16 22:04:43','2024-02-16 14:27:43','Sarana-Perpanjangan Izin Praktik Perawat - SIPP','IRA WIDORETNO KAJAT, A.MD.KEP.',NULL,'81333781663',NULL,'Mohon perbaharui surat keterangan domisili (masa berlaku 1 tahun)','Pengembalian dari PTSP','2024-05-26 18:55:23','2024-05-26 18:55:23',NULL),(247,1,7,'central','33981 / 15 Februari 2024 * New','2024-02-15 19:16:10','2024-02-16 10:36:00','Perorangan-Perpanjangan Izin Praktik Bidan - SIPB','NANIK WIDARTI, A.MD.KEB.',NULL,'82245644748',NULL,'(1) Mohon alamat KTP, alamat domisili dan alamat sarana pada data entrian diberi tambahan KOTA (2) Mohon upload Surat Rekomendasi dari Organisasi Profesi (IBI) beserta bukti pemenuhan kecukupan SKP (3) Mohon upload Peta lokasi dan denah tempat praktik beserta peralata yang digunakan (untuk praktir perorangan) (4) Mohon upload Surat Pernyataan memiliki tempat kerja di sarana / fasilitas pelayanan kesehatan (bermaterai 10.000,-) Mohon diketik kembali dan diisi dengan rapi dan jelas bukan ditulis tangan (5) Mohon upload Copy Sertifikat yang dilegalisir (Ijazah Legalisir)','Pengembalian dari PTSP','2024-05-26 18:55:23','2024-05-26 18:55:23',NULL),(248,1,2,'central','33989 / 15 Februari 2024 ','2024-02-16 11:29:21','2024-02-16 11:55:35','KRK Rumah Tinggal Tidak Sederhana','MIFTAHUL ZUA FANANI',NULL,NULL,'LANJUT',NULL,'LANJUT OPD','2024-05-26 18:55:23','2024-05-26 18:55:23',NULL),(249,1,7,'central','33990 / 15 Februari 2024 * New','2024-02-16 13:31:43','2024-02-16 13:42:23','Sarana-Perpanjangan Izin Praktik Perawat - SIPP','PIPIET ERRIKAWATI',NULL,NULL,'Berkas Lengkap Secara Administrasi',NULL,'Lanjut ke OPD','2024-05-26 18:55:23','2024-05-26 18:55:23',NULL),(250,1,2,'central','33991 / 15 Februari 2024 * New','2024-02-15 15:46:27','2024-02-16 09:21:36','PBG Non Rumah Tinggal','SUTJIPTO TJENGUNDORO',NULL,'81230749594','berkas lengkap administrasi',NULL,'Lanjut ke OPD','2024-05-26 18:55:23','2024-05-26 18:55:23',NULL),(251,1,6,'central','33992 / 15 Februari 2024 * New','2024-02-15 19:28:12','2024-02-16 08:21:00','Perpanjangan Izin Pemakaian Tanah','CHOTIJAH',NULL,NULL,'LANJUT',NULL,'LANJUT OPD','2024-05-26 18:55:23','2024-05-26 18:55:23',NULL),(252,1,1,'central','33994 / 15 Februari 2024 * New','2024-02-15 20:53:54','2024-02-16 09:23:23','Daftar Ulang Izin Operasional Satuan Pendidikan TK','RITA TATIK WIDYANINGSIH, S.SN',NULL,NULL,'Berkas lengkap secara administrasi',NULL,'Lanjut ke OPD','2024-05-26 18:55:23','2024-05-26 18:55:23',NULL),(253,1,9,'central','34012 / 15 Februari 2024 * New','2024-02-15 19:52:16','2024-02-16 00:14:24','Surat Keterangan Penelitian','NOVELA DWI CAHYANI PUTRI',NULL,NULL,'Berkas lengkap secara Administrasi',NULL,'LANJUT OPD','2024-05-26 18:55:23','2024-05-26 18:55:23',NULL),(254,1,9,'central','34013 / 15 Februari 2024 * New','2024-02-15 20:17:09','2024-02-16 00:43:12','Surat Keterangan Penelitian','ANIZHA DEFY',NULL,NULL,'Berkas lengkap secara Administrasi',NULL,'LANJUT OPD','2024-05-26 18:55:23','2024-05-26 18:55:23',NULL),(255,1,7,'central','34017 / 15 Februari 2024 * New','2024-02-15 21:02:48','2024-02-16 11:57:00','Perpanjangan Izin Praktik Baru Ahli Teknologi Laboratorium Medik - ATLM','YUSUFI UTARI',NULL,NULL,'Berkas lengkap administrasi',NULL,'lanjut ke opd','2024-05-26 18:55:23','2024-05-26 18:55:23',NULL),(256,1,1,'central','34024 / 15 Februari 2024 * New','2024-02-15 20:31:20','2024-02-16 09:25:50','Daftar Ulang Izin Operasional Satuan Pendidikan PPT','NOOR ZAMI\'AH',NULL,NULL,'Berkas lengkap secara administrasi',NULL,'Lanjut ke OPD','2024-05-26 18:55:23','2024-05-26 18:55:23',NULL),(257,1,1,'central','34051 / 15 Februari 2024 * New','2024-02-15 23:05:28','2024-02-16 09:29:02','Daftar Ulang Izin Operasional Satuan Pendidikan PPT','YULIATI',NULL,NULL,'Berkas lengkap secara administrasi',NULL,'Lanjut ke OPD','2024-05-26 18:55:23','2024-05-26 18:55:23',NULL),(258,1,7,'central','34054 / 15 Februari 2024 * New','2024-02-15 21:26:55','2024-02-16 09:55:26','Sarana-Perpanjangan Izin Praktik Dokter Umum/Gigi/Spesialis/Spesialis Gigi/PPDS/PPDGS','WAHYU SETIANI WIBOWO, DR',NULL,NULL,NULL,'Mohon melengkapi :\n1. Step 1 pada alamat pemhon dan alamat domisili mohon ditambahkan Jl. dan Kota (contoh : Jl. Menur No. 31 C Surabaya)','Pengembalian dari PTSP','2024-05-26 18:55:23','2024-05-26 18:55:23',NULL),(259,1,9,'central','34062 / 15 Februari 2024 * New','2024-02-15 21:57:09','2024-02-16 02:09:36','Surat Keterangan Penelitian','DEFINA NOVITA ANDINI',NULL,NULL,'Berkas lengkap secara Administrasi',NULL,'LANJUT OPD','2024-05-26 18:55:23','2024-05-26 18:55:23',NULL),(260,1,7,'central','34063 / 15 Februari 2024 * New','2024-02-15 21:52:15','2024-02-16 10:39:00','Izin Baru Praktik Teknis Kefarmasian - SIPTTK','PUTRI DEWI YANTI',NULL,'-','Berkas lengkap sesuai persyaratan administrasi',NULL,'Lanjut ke OPD','2024-05-26 18:55:23','2024-05-26 18:55:23',NULL),(261,1,7,'central','34064 / 15 Februari 2024 * New','2024-02-15 21:56:33','2024-02-16 10:42:00','Pencabutan Izin Praktik Teknis Kefarmasian - SIPTTK','NURUL QOMARYAH',NULL,'895364749295',NULL,'(1) Mohon nama sarana pada data entrian sesuaikan dengan SIP Lama (2) Mohon upload Surat Permohonan pengunduran diri Tenaga Pelayanan Kefarmasian dijadikan dalam satu file PDF dengan surat persetujuan dari Pimpinan Fasilitas Pelayanan Kefarmasian','Pengembalian dari PTSP','2024-05-26 18:55:23','2024-05-26 18:55:23',NULL),(262,1,9,'central','34067 / 15 Februari 2024 * New','2024-02-15 21:57:12','2024-02-16 05:16:48','Surat Keterangan Penelitian','MUHAMMAD ZULFIKAR DEFIANTO',NULL,NULL,NULL,'mohon merubah atau mengganti  Surat Pengantar dari Universitas atau Lembaga (Point syarat no.2) kepada Kepala Dinas Penanaman Modal dan PTSP Kota Surabaya Jalan Tunjungan No. 1-3.','pengembalian ke OPD','2024-05-26 18:55:23','2024-05-26 18:55:23',NULL),(263,1,9,'central','34074 / 15 Februari 2024 * New','2024-02-15 00:00:00','2024-02-16 07:32:00','Surat Keterangan Magang/PKL/KKN','BADRIYAH',NULL,NULL,'berkas lengkap sesuai persyaratan',NULL,'LANJUT KE OPD','2024-05-26 18:55:23','2024-05-26 18:55:23',NULL),(264,1,9,'central','34075 / 15 Februari 2024 * New','2024-02-15 00:00:00','2024-02-16 07:33:00','Surat Keterangan Magang/PKL/KKN','MARSHEILA MEGA INTANA',NULL,NULL,NULL,'mohon untuk mengubah Surat Pengantar dari Universitas atau Lembaga (Point syarat no.2)kepada Kepala Dinas Penanaman Modal dan PTSP Kota Surabaya Jalan Tunjungan No. 1-3., jika kurang paham bisa menghubugi 03199001779 pada jam kerja','LANJUT KE OPD','2024-05-26 18:55:23','2024-05-26 18:55:23',NULL),(265,1,9,'central','34080 / 15 Februari 2024 * New','2024-02-15 00:00:00','2024-02-16 07:34:00','Surat Keterangan Magang/PKL/KKN','RIFDAH AFANIN',NULL,'83851335408',NULL,'mohon untuk mengubah Surat Pengantar dari Universitas atau Lembaga (Point syarat no.2)kepada Kepala Dinas Penanaman Modal dan PTSP Kota Surabaya Jalan Tunjungan No. 1-3., jika kurang paham bisa menghubugi 03199001779 pada jam kerja','pengembalian dari PTSP','2024-05-26 18:55:23','2024-05-26 18:55:23',NULL),(266,1,9,'central','34081 / 15 Februari 2024 * New','2024-02-15 00:00:00','2024-02-16 07:35:00','Surat Keterangan Magang/PKL/KKN','MAHRUS ALAUDDIN JASIM',NULL,'89601975258',NULL,'mohon untuk mengubah Surat Pengantar dari Universitas atau Lembaga (Point syarat no.2)kepada Kepala Dinas Penanaman Modal dan PTSP Kota Surabaya Jalan Tunjungan No. 1-3., jika kurang paham bisa menghubugi 03199001779 pada jam kerja','pengembalian dari PTSP','2024-05-26 18:55:23','2024-05-26 18:55:23',NULL),(267,1,9,'central','34095 / 15 Februari 2024 * New','2024-02-15 00:00:00','2024-02-16 07:36:00','Surat Keterangan Magang/PKL/KKN','AULIA MAHARANI',NULL,NULL,'berkas lengkap sesuai persyaratan',NULL,'LANJUT KE OPD','2024-05-26 18:55:23','2024-05-26 18:55:23',NULL),(268,1,9,'central','34096 / 15 Februari 2024 * New','2024-02-15 00:00:00','2024-02-16 07:37:00','Surat Keterangan Magang/PKL/KKN','FARADILLAH PUTRI AULIYA',NULL,'85746129217',NULL,'mohon untuk mengubah Surat Pengantar dari Universitas atau Lembaga (Point syarat no.2)kepada Kepala Dinas Penanaman Modal dan PTSP Kota Surabaya Jalan Tunjungan No. 1-3., jika kurang paham bisa menghubugi 03199001779 pada jam kerja','pengembalian dari PTSP','2024-05-26 18:55:23','2024-05-26 18:55:23',NULL),(269,1,6,'central','34107 / 2/16/2024 * New','2024-02-16 08:50:11','2024-02-16 09:14:00','Pengalihan Izin Pemakaian Tanah','SULISTYOWATI',NULL,NULL,'lanjut OPD',NULL,'lanjut ke opd','2024-05-26 18:55:23','2024-05-26 18:55:23',NULL),(270,1,9,'central','34108 / 2/16/2024 * New','2024-02-16 01:53:17','2024-02-16 06:57:36','Surat Keterangan Penelitian','AMANDA IDEA CAHYANI',NULL,NULL,NULL,'mohon lengkapi Scan File KTP pemohon.','pengembalian ke OPD','2024-05-26 18:55:23','2024-05-26 18:55:23',NULL),(271,1,9,'central','34113 / 2/16/2024 * New','2024-02-16 03:38:57','2024-02-16 10:33:36','Surat Keterangan Penelitian','REZA AMINDA PUTRI',NULL,NULL,'Berkas lengkap secara Administrasi',NULL,'Lanjut ke OPD','2024-05-26 18:55:23','2024-05-26 18:55:23',NULL),(272,1,11,'central','34114 / 2/16/2024 * New','2024-02-16 04:16:10','2024-02-16 08:36:29','Tera Ulang di Kantor UPTD','HARTATI WIDJAJA (APOTIK TANJUNG)',NULL,NULL,'Berkas permohonan diteruskan.',NULL,'Lanjut ke OPD','2024-05-26 18:55:23','2024-05-26 18:55:23',NULL),(273,1,9,'central','34126 / 2/16/2024 * New','2024-02-16 06:23:20','2024-02-16 12:28:48','Surat Keterangan Penelitian','EKA NAZAR BINTARA YUDHA',NULL,NULL,'Berkas lengkap secara Administrasi',NULL,'Lanjut ke OPD','2024-05-26 18:55:23','2024-05-26 18:55:23',NULL),(274,1,1,'central','34152 / 2/16/2024 * New','2024-02-16 09:00:42','2024-02-16 14:30:25','Tanda Daftar Perpustakaan - Baru','MEI SUYANTO',NULL,'85731810611','Berkas lengkap dan benar',NULL,'Lanjut ke OPD','2024-05-26 18:55:23','2024-05-26 18:55:23',NULL),(275,1,11,'central','34179 / 2/16/2024 * New','2024-02-16 08:18:19','2024-02-16 08:37:26','Tera Ulang di Kantor UPTD','YENNY BUDIANTO (PT MUTIARACAHAYA PLASTINDO)',NULL,NULL,'Berkas permohonan diteruskan.',NULL,'Lanjut ke OPD','2024-05-26 18:55:23','2024-05-26 18:55:23',NULL),(276,1,7,'central','34185 / 2/16/2024 * New ','2024-02-16 12:12:41','2024-02-16 12:25:50','Izin Kerja Baru Perekam Medis - SIKPM','INES KHANSA DARMASTUTI ',NULL,NULL,'Lanjut',NULL,'Lanjut ke OPD','2024-05-26 18:55:23','2024-05-26 18:55:23',NULL),(277,1,2,'central','34188 / 2/16/2024 * New','2024-02-16 08:44:20','2024-02-16 08:48:00','PBG Rumah Tinggal Pengembang','SEPTIWATI, SE',NULL,NULL,'Lanjut',NULL,'lanjut ke OPD','2024-05-26 18:55:23','2024-05-26 18:55:23',NULL),(278,1,11,'central','34199 / 2/16/2024 * New','2024-02-16 08:30:52','2024-02-16 08:38:37','Tera Ulang di Kantor UPTD','LUCIA WIDIYANTI (SOEWARNO)',NULL,NULL,'Berkas permohonan diteruskan.',NULL,'Lanjut ke OPD','2024-05-26 18:55:23','2024-05-26 18:55:23',NULL),(279,1,11,'central','34200 / 2/16/2024 * New','2024-02-16 08:28:40','2024-02-16 08:39:33','Tera Ulang di Kantor UPTD','MOCH. RIFAI (SATKARKATI)',NULL,NULL,'Berkas permohonan diteruskan.',NULL,'Lanjut ke OPD','2024-05-26 18:55:23','2024-05-26 18:55:23',NULL),(280,1,6,'central','34223 / 2/16/2024 * New','2024-02-16 09:54:15','2024-02-16 10:12:14','Perubahan IPT','AULIA RAHMAN',NULL,'85232929090','berkas lengkap sesuai persyarata',NULL,'Lanjut ke OPD','2024-05-26 18:55:23','2024-05-26 18:55:23',NULL),(281,1,6,'central','34228 / 2/16/2024','2024-02-16 09:00:17','2024-02-16 09:01:14','Perpanjangan Izin Pemakaian Tanah','YANUAR PURWANTO',NULL,NULL,'LANJUT',NULL,'LANJUT OPD','2024-05-26 18:55:23','2024-05-26 18:55:23',NULL),(282,1,6,'central','34268 / 2/16/2024 * New','2024-02-16 10:05:23','2024-02-16 10:11:00','Perpanjangan Izin Pemakaian Tanah','HERI SUTANTO',NULL,NULL,'Lanjut',NULL,'lanjut ke OPD','2024-05-26 18:55:23','2024-05-26 18:55:23',NULL),(283,1,8,'central','34275 / 2/16/2024 * New','2024-02-16 09:39:51','2024-02-16 09:11:37','Arahan Sistem Drainase','ERIE',NULL,NULL,'Berkas lengkap sesuai persyaratan administrasi',NULL,'Lanjut ke OPD','2024-05-26 18:55:23','2024-05-26 18:55:23',NULL),(284,1,7,'central','34315 / 2/16/2024 * New','2024-02-16 11:31:17','2024-02-16 14:23:00','Perpanjangan Izin Kerja Perekam Medis - SIKPM','NURLIA WIDYASOFI',NULL,'8819886988',NULL,'(1) Mohon alamat KTP, alamat domisili dan alamat sarana pada data entrian diberi tambahan KOTA (2) Mohon upload Copy Sertifikat pelatihan yang dimiliki yang dilegalisir asli (Ijazah Legalisir) (3) Mohon upload Surat Keterangan : dari pimpinan sarana pelayanan kesehatan sebagai tempat kerjanya beserta copy ijin penyelenggaraan sarana kesehatan yang masih berlaku','Pengembalian dari PTSP','2024-05-26 18:55:23','2024-05-26 18:55:23',NULL),(285,1,11,'central','34333 / 2/16/2024 * New','2024-02-16 09:49:07','2024-02-16 09:58:26','Tera Ulang di Kantor UPTD','SITI USWATUN CHASANAH (PT CITYLINK EXPRESS)',NULL,NULL,'Berkas permohonan diteruskan.',NULL,'Lanjut ke OPD','2024-05-26 18:55:23','2024-05-26 18:55:23',NULL),(286,1,7,'central','34336 / 2/16/2024 * Kembali ','2024-02-16 13:52:48','2024-02-16 14:06:57','Sarana-Izin Baru Praktik Dokter Umum/Gigi/Spesialis/Spesialis Gigi/PPDS/PPDGS','M. IRFAN RAHMATULLAH ',NULL,NULL,'Lanjut',NULL,'Lanjut ke OPD','2024-05-26 18:55:23','2024-05-26 18:55:23',NULL),(287,1,7,'central','34336 / 2/16/2024 * New','2024-02-16 10:36:18','2024-02-16 12:04:00','Sarana-Izin Baru Praktik Dokter Umum/Gigi/Spesialis/Spesialis Gigi/PPDS/PPDGS','M. IRFAN RAHMATULLAH',NULL,NULL,NULL,'Harap melengkapi kekurangan berkas: Kartu Tanda Penduduk (KTP) Bagi Penduduk Non Surabaya=> KTP karena ybs bukan KTP surabaya','Pengembalian dari PTSP','2024-05-26 18:55:23','2024-05-26 18:55:23',NULL),(288,1,7,'central','34342 / 2/16/2024 * New ','2024-02-16 10:38:45','2024-02-16 12:28:50','Perpanjangan Izin Praktik Baru Ahli Teknologi Laboratorium Medik - ATLM','ERNAWATI ',NULL,NULL,'Lanjut',NULL,'Lanjut ke OPD','2024-05-26 18:55:23','2024-05-26 18:55:23',NULL),(289,1,7,'central','34361 / 2/16/2024 * New ','2024-02-16 10:00:52','2024-02-16 12:31:32','Perpanjangan Izin Praktik Baru Ahli Teknologi Laboratorium Medik - ATLM','PUTRI FIRDA SAMARA ULYANA ',NULL,NULL,NULL,'Mohon melengkapi Surat Keterangan domisili tinggal di Surabaya (Bagi Penduduk Non Surabaya) (surat pernyataan PP diberi materai)','Pengembalian dari PTSP','2024-05-26 18:55:23','2024-05-26 18:55:23',NULL),(290,1,7,'central','34364 / 2/16/2024 * New','2024-02-16 12:55:11','2024-02-16 14:18:40','Izin Baru Praktik Elektromedis - SIP E','NABILAH AQIELLA',NULL,'85697785088',NULL,'1. Mohon upload surat pernyataan pulang pergi pada poin 1\n2. Mohon upload ijazah legalisir pada poin 3\n3. Mohon upload STR dalam bentuk soft file\n4. Mohon perbaiki nama FASKES pada data entry dan surat pernyataan memiliki tempat kerja sesuaikan dengan izin operasional persetujuan teknis\n5. Mohon sesuaikan nomor STR pada data entry sesuaikan dengan ejaan (16 01 5...)','Pengembalian dari PTSP','2024-05-26 18:55:23','2024-05-26 18:55:23',NULL),(291,1,2,'central','34368 / 2/16/2024 * New','2024-02-16 09:59:04','2024-02-16 01:26:24','PBG Rumah Tinggal Pengembang','STANLEY',NULL,'89651122733','berkas lengkap administrasi',NULL,'Lanjut ke OPD','2024-05-26 18:55:23','2024-05-26 18:55:23',NULL),(292,1,7,'central','34372 / 2/16/2024 * New ','2024-02-16 10:14:06','2024-02-16 12:34:06','Sarana-Perpanjangan Izin Praktik Dokter Umum/Gigi/Spesialis/Spesialis Gigi/PPDS/PPDGS','HENDY BHASKARA PERDANA PUTRA ',NULL,NULL,NULL,'Mohon melengkapi : \n1. STR (Surat Tanda Registrasi) yang dilegalisasi (salinan 1), \n2. Surat Keterangan dari fasilitas pelayanan kesehatan sebagai tempat praktiknya dan fotokopi izin penyelenggaraan fasilitas pelayanan kesehatan yang masih berlaku (Suket Kerja asli+NIB dan lampiran+Perizinan berusaha berbasis resiko versi RBA+pertek dari DINKES)','Pengembalian dari PTSP','2024-05-26 18:55:23','2024-05-26 18:55:23',NULL),(293,1,7,'central','34375 / 2/16/2024 * New ','2024-02-16 10:05:22','2024-02-16 12:17:48','Sarana-Perpanjangan Izin Praktik Dokter Umum/Gigi/Spesialis/Spesialis Gigi/PPDS/PPDGS','EDDY HERMANTO ',NULL,NULL,'Lanjut',NULL,'Lanjut ke OPD','2024-05-26 18:55:23','2024-05-26 18:55:23',NULL),(294,1,6,'central','34390 / 2/16/2024 * New','2024-02-16 14:20:03','2024-02-16 14:20:48','Perpanjangan Izin Pemakaian Tanah','MADY HERMAN TANSEDJATI',NULL,NULL,'LANJUT',NULL,'lanjut ke opd','2024-05-26 18:55:23','2024-05-26 18:55:23',NULL),(295,1,9,'central','34408 / 2/16/2024','2024-02-16 10:37:54','2024-02-16 13:09:51','Surat Keterangan Penelitian','DYAH PUSPITA PERMATASARI',NULL,NULL,'Berkas lengkap sesuai persyaratan administrasi ',NULL,'Lanjut Ke OPD','2024-05-26 18:55:23','2024-05-26 18:55:23',NULL),(296,1,7,'central','34416 / 2/16/2024 * New ','2024-02-16 10:29:00','2024-02-16 12:12:56','Sarana-Perpanjangan Izin Praktik Dokter Umum/Gigi/Spesialis/Spesialis Gigi/PPDS/PPDGS','FEBE ALODIA WIDJAJA ',NULL,NULL,'Lanjut',NULL,'Lanjut ke OPD','2024-05-26 18:55:23','2024-05-26 18:55:23',NULL),(297,1,7,'central','34441 / 2/16/2024 * New','2024-02-16 10:38:13','2024-02-16 11:45:32','Sarana-Perpanjangan Izin Praktik Perawat - SIPP','SITI NUR ANILA',NULL,NULL,'Berkas lengkap administrasi',NULL,'lanjut ke opd','2024-05-26 18:55:23','2024-05-26 18:55:23',NULL),(298,1,4,'central','34455 / 2/16/2024 * New','2024-02-16 10:38:02','2024-02-16 13:24:38','Perpanjangan Izin Pembuangan Sampah','DIDI DARMAHADI DEWANTO,DR',NULL,'85330300248','Berkas permohonan sesuai dengan persyaratan',NULL,'Lanjut ke OPD','2024-05-26 18:55:23','2024-05-26 18:55:23',NULL),(299,1,2,'central','34456 / 2/16/2024 * New','2024-02-16 10:38:51','2024-02-16 10:50:13','PBG Rumah Tinggal Pengembang','SUTOTO YAKOBUS, IR.',NULL,NULL,'LANJUT',NULL,'lanjut ke opd','2024-05-26 18:55:23','2024-05-26 18:55:23',NULL),(300,1,7,'central','34463 / 2/16/2024 * New ','2024-02-16 11:02:23','2024-02-16 12:10:09','Perpanjangan Izin Praktik Baru Ahli Teknologi Laboratorium Medik - ATLM','ROOSPITASARI AYUNINGTYAS ',NULL,NULL,NULL,'Mohon melengkapi : \n1. Alamat Domisili Pemohon pada step 1 sesuaikan domisili yang diupload, \n2. Surat Rekomendasi dari PATELKI sesuai tempat kerja beserta bukti pemenuhan kecukupan SKP','Pengembalian dari PTSP','2024-05-26 18:55:23','2024-05-26 18:55:23',NULL),(301,1,6,'central','34472 / 2/16/2024 * New','2024-02-16 11:27:09','2024-02-16 14:44:45','Pengalihan Izin Pemakaian Tanah','ANTONIUS HUSIANTO',NULL,NULL,'Berkas lengkap sesuai persyaratan administrasi (point 11. pada surat pernyataan belum diisi penggunaan sesuai SKRK)',NULL,'Lanjut ke OPD','2024-05-26 18:55:23','2024-05-26 18:55:23',NULL),(302,1,7,'central','34491 / 2/16/2024 * New','2024-02-16 11:19:18','2024-02-16 11:41:58','Sarana-Perpanjangan Izin Praktik Perawat - SIPP','MARIA PANGESTUNINGTYAS',NULL,NULL,NULL,'Harap melengkapi kekurangan berkas : 1. Surat Keterangan Sehat jasmani dan rohani dari dokter yang telah memiliki SIP yang masih berlaku (tulis no. SIP nya) 2. Surat Rekomendasi dari Organisasi Profesi(PPNI) beserta bukti pemenuhan kecukupan SKP => Mohon upload rekom DPD PPNI kota Surabaya beserta bukti pemenuhan kecukupan SKP 3. Surat Ijin Praktik/Kerja Perawat(SIPP/SIKP) lama yang asli apabila perpanjangan atau pindah tempat praktik => Mohon upload secara utuh hingga terlihat nomor registrasi dibagian kanan atas 4. Surat Keterangan dari fasilitas pelayanan kesehatan sebagai tempat kerja beserta copy ijin penyelenggaraan sarana kesehatan yang masih berlaku => Mohon upload surat keterangan kerja + copy ijin operasional sarana terbaru (NIB beserta lampiran) dijadikan 1 file PDF','pengembalian ke OPD','2024-05-26 18:55:23','2024-05-26 18:55:23',NULL),(303,1,7,'central','34492 / 2/16/2024 * New','2024-02-16 13:17:55','2024-02-16 14:13:42','Cabut Pindah Izin Praktik Baru Ahli Teknologi Laboratorium Medik - ATLM','CATUR CANDRANINGTYAS',NULL,'81999303730',NULL,'1. Mohon upload surat pernyataan pulang pergi bermaterai pada poin 10\n2. Mohon upload Surat Pernyataan bermaterai memiliki tempat kerja di fasilitas pelayanan kesehatan atau praktik mandiri','Pengembalian dari PTSP','2024-05-26 18:55:23','2024-05-26 18:55:23',NULL),(304,1,6,'central','34505 / 2/16/2024 * New','2024-02-16 11:07:49','2024-02-16 14:21:39','Persetujuan SKRK Peresmian Pemutihan','PUSPO HANDOKO',NULL,NULL,'Berkas lengkap sesuai persyaratan administrasi',NULL,'Lanjut ke OPD','2024-05-26 18:55:23','2024-05-26 18:55:23',NULL),(305,1,2,'central','34533 / 2/16/2024 * New','2024-02-16 11:19:06','2024-02-16 11:23:00','KRK Non Rumah Tinggal','IVANA EVELINE TINGKIR',NULL,NULL,'Lanjut',NULL,'lanjut ke OPD','2024-05-26 18:55:23','2024-05-26 18:55:23',NULL),(306,1,7,'central','34539 / 2/16/2024 * New ','2024-02-16 11:38:11','2024-02-16 12:05:06','Perorangan-Perpanjangan Izin Praktik perawat - SIPP','MARTHALIA ASTUTI ',NULL,NULL,NULL,'Mohon mengganti jenis perijinan perorangan menjadi sarana','Pengembalian dari PTSP','2024-05-26 18:55:23','2024-05-26 18:55:23',NULL),(307,1,3,'central','34551 / 2/16/2024 * New','2024-02-16 11:32:55','2024-02-16 18:02:12','Rekomendasi Sistem Proteksi Kebakaran','ADI WITONO',NULL,NULL,'mohon koreksi',NULL,'Lanjut ke OPD','2024-05-26 18:55:23','2024-05-26 18:55:23',NULL),(308,1,5,'central','34553 / 2/16/2024 * New','2024-02-16 11:22:15','2024-02-16 12:56:47','Pemakaian Gelora 10 Nopember untuk Kegiatan Latihan','SATRIO WICAKSONO',NULL,'81279889662','Berkas lengkap dan benar',NULL,'Lanjut ke OPD','2024-05-26 18:55:23','2024-05-26 18:55:23',NULL),(309,1,6,'central','34561 / 2/16/2024 * New','2024-02-16 12:05:45','2024-02-16 14:39:24','Persetujuan Permohonan IMB Izin Pemakaian Tanah (IPT)','RATNA AYU HANDAYANI',NULL,NULL,'Berkas lengkap sesuai persyaratan administrasi',NULL,'Lanjut ke OPD','2024-05-26 18:55:23','2024-05-26 18:55:23',NULL),(310,1,9,'central','34568 / 2/16/2024 * New','2024-02-16 12:00:40','2024-02-16 18:02:12','Surat Keterangan Penelitian','YASMIN ALIA FAHMEEDA',NULL,'82231355322','LANJUT PROSES',NULL,'Lanjut ke OPD','2024-05-26 18:55:23','2024-05-26 18:55:23',NULL),(311,1,7,'central','34574 / 2/16/2024 * New','2024-02-16 11:52:16','2024-02-16 12:00:33','Sarana-Perpanjangan Izin Praktik Perawat - SIPP','MARTHALIA ASTUTI',NULL,NULL,'Berkas lengkap administrasi',NULL,'lanjut ke opd','2024-05-26 18:55:23','2024-05-26 18:55:23',NULL),(312,1,9,'central','34579 / 2/16/2024 * New','2024-02-16 12:16:14','2024-02-16 18:02:12','Surat Keterangan Penelitian','DINDA ZHAFIRA',NULL,'82139401404','LANJUT PROSES',NULL,'Lanjut ke OPD','2024-05-26 18:55:23','2024-05-26 18:55:23',NULL),(313,1,9,'central','34598 / 2/16/2024 * New','2024-02-15 00:00:00','2024-02-16 09:39:00','Surat Keterangan Magang/PKL/KKN','SAFIRA AMALINA',NULL,NULL,'berkas lengkap sesuai persyaratan',NULL,'LANJUT KE OPD','2024-05-26 18:55:23','2024-05-26 18:55:23',NULL),(314,1,6,'central','34608 / 2/16/2024 * New','2024-02-16 13:14:28','2024-02-16 14:26:00','Persetujuan SKRK Peresmian Pemutihan','SOEDJONO',NULL,NULL,'lanjut OPD',NULL,'lanjut ke opd','2024-05-26 18:55:23','2024-05-26 18:55:23',NULL),(315,1,7,'central','34626 / 2/16/2024 * New','2024-02-16 12:49:45','2024-02-16 12:57:00','Perorangan-Perpanjangan Izin Praktik Dokter Umum/Gigi/Spesialis/Spesialis Gigi','FEBRIA DESI KRISWULAN HARI',NULL,NULL,'Berkas lengkap administrasi',NULL,'lanjut ke OPD','2024-05-26 18:55:23','2024-05-26 18:55:23',NULL),(316,1,11,'central','34658 / 2/16/2024 * New','2024-02-16 13:32:56','2024-02-16 14:07:39','Tera Ulang di Tempat UTTP Tepasang (Loko)','IMAM SOLIHIN',NULL,NULL,'Berkas lengkap secara administrasi',NULL,'Lanjut ke OPD','2024-05-26 18:55:23','2024-05-26 18:55:23',NULL),(317,1,11,'central','34659 / 2/16/2024 * New','2024-02-16 13:13:51','2024-02-16 13:14:49','Tera Ulang di Kantor UPTD','ERDYAN ABRIANSYAH (PT MIKATASA AGUNG)',NULL,NULL,'Berkas permohonan diteruskan.',NULL,'Lanjut ke OPD','2024-05-26 18:55:23','2024-05-26 18:55:23',NULL),(318,1,6,'central','34664 / 2/16/2024 * New','2024-02-16 13:28:04','2024-02-16 13:29:00','Pengalihan Izin Pemakaian Tanah','ARIONO',NULL,NULL,'Lanjut',NULL,'lanjut ke OPD','2024-05-26 18:55:23','2024-05-26 18:55:23',NULL),(319,1,6,'central','34676 / 2/16/2024 * New','2024-02-16 13:32:39','2024-02-16 08:21:00','Perpanjangan Izin Pemakaian Tanah','SURYA GUNAWAN',NULL,NULL,'lanjut OPD',NULL,'lanjut ke opd','2024-05-26 18:55:23','2024-05-26 18:55:23',NULL),(320,1,7,'central','34697 / 2/16/2024 * New ','2024-02-16 13:49:13','2024-02-16 14:10:30','Sarana-Perpanjangan Izin Praktik Terapis Gigi dan Mulut - SIPTGM','BRYAN HERSUSTANTO ',NULL,NULL,NULL,'Mohon melengkapi : \n1. Pas Photo digital terbaru ukuran 4 x 6 cm (tata letak harus tegak horisontal, tidak boleh miring) (hilangkan bingkai putih), \n2. Copy Sertifikat legalisir ahli madya keperawatan/pendidikan kompetensi lebih tinggi yang diakui pemerintah (ijasah legalisir), \n3. Surat Keterangan dari fasilitas pelayanan kesehatan sebagai tempat praktiknya beserta copy izin penyelenggaraan sarana kesehatan yang masih berlaku (suket kerja + ijin operasional terbaru)','Pengembalian dari PTSP','2024-05-26 18:55:23','2024-05-26 18:55:23',NULL),(321,1,11,'central','34702 / 2/16/2024 * New','2024-02-16 13:41:05','2024-02-16 14:08:52','Tera di Tempat Terpasang UTTP (Loko)','JOHAN TENACIOUS',NULL,NULL,'Berkas lengkap secara administrasi',NULL,'Lanjut ke OPD','2024-05-26 18:55:23','2024-05-26 18:55:23',NULL),(322,1,6,'central','34704 / 2/16/2024 * New','2024-02-16 13:48:29','2024-02-16 14:20:10','Perpanjangan Izin Pemakaian Tanah','TJIANG TIRTO HANDYOKO',NULL,'81231716048','berkas lengkap sesuai persyarata',NULL,'Lanjut ke OPD','2024-05-26 18:55:23','2024-05-26 18:55:23',NULL),(323,1,2,'central','34710 / 2/16/2024\n\n','2024-02-16 14:07:01','2024-02-16 14:17:47','Perpanjangan Izin Pemakaian Tanah','SITI MUNAWAROH, SH',NULL,NULL,'LANJUT',NULL,'LANJUT OPD','2024-05-26 18:55:23','2024-05-26 18:55:23',NULL),(324,1,7,'central','34711 / 2/16/2024 * New','2024-02-16 14:02:55','2024-02-16 14:10:12','Surat Keterangan Izin Praktik Dokter Umum/Gigi/Spesialis/Spesialis Gigi/PPDS/PPDGS','NURINA DHANI RAHMAYANTI',NULL,NULL,'Berkas lengkap secara administrasi',NULL,'Lanjut ke OPD','2024-05-26 18:55:23','2024-05-26 18:55:23',NULL),(325,1,7,'central','34719 / 2/16/2024 * New','2024-02-16 14:10:49','2024-02-16 14:33:00','Sarana-Perpanjangan Izin Praktik Perawat - SIPP','MOH. ARIF',NULL,'82333222805',NULL,'(1) Mohon upload Surat Keterangan Sehat jasmani dan rohani dari dokter yang telah memiliki SIP yang masih berlaku (tulis no. SIP nya) beri catatan pengurusan SIP (2) Mohon upload Surat Rekomendasi dari Organisasi Profesi(PPNI) beserta bukti pemenuhan kecukupan SKP (3) Mohon upload Surat Keterangan domisili tinggal dijadikan dalam satu file PDF dengan Surat Pernyataan Pulang Pergi bermaterai 10.000 (4) Mohon upload Surat Keterangan dari fasilitas pelayanan kesehatan sebagai tempat kerja beserta copy ijin penyelenggaraan sarana kesehatan yang masih berlaku','Pengembalian dari PTSP','2024-05-26 18:55:23','2024-05-26 18:55:23',NULL),(326,1,2,'central','34749 / 2/16/2024 * New','2024-02-16 14:04:53','2024-02-16 14:05:58','KRK Rumah Tinggal Tidak Sederhana','RICKY EKO WIDODO',NULL,NULL,'LANJUT',NULL,'lanjut ke opd','2024-05-26 18:55:23','2024-05-26 18:55:23',NULL),(327,1,7,'central','34769 / 2/16/2024 * New','2024-02-16 14:28:48','2024-02-16 14:38:00','Izin Praktik Baru Ahli Teknologi Laboratorium Medik - ATLM','NADYA FARA ADITI KURNIA SANDY',NULL,NULL,'Berkas lengkap sesuai persyaratan administrasi',NULL,'Lanjut ke OPD','2024-05-26 18:55:23','2024-05-26 18:55:23',NULL),(328,1,6,'central','34777 / 2/16/2024 * New','2024-02-16 14:29:06','2024-02-16 14:25:00','Perpanjangan Izin Pemakaian Tanah','SUNYATA WANGSADARMA',NULL,NULL,'Lanjut',NULL,'lanjut ke OPD','2024-05-26 18:55:23','2024-05-26 18:55:23',NULL),(329,1,7,'central','4021 / 5 Januari 2024 * Kembali','2024-02-15 18:39:57','2024-02-16 07:27:00','Sarana-Izin Baru Tenaga Okupasi Terapis - SIKOT','ARLY RIMETI YUWANITA',NULL,NULL,'Berkas lengkap administrasi',NULL,'lanjut ke opd','2024-05-26 18:55:23','2024-05-26 18:55:23',NULL),(330,1,1,'central','4164 / 6 Januari 2024 * New','2024-02-16 08:57:01','2024-02-16 09:18:25','Daftar Ulang Izin Operasional Satuan Pendidikan TK','SHOLICHATIN',NULL,NULL,'Berkas lengkap secara administrasi',NULL,'Lanjut ke OPD','2024-05-26 18:55:23','2024-05-26 18:55:23',NULL),(331,1,6,'central','4268 / 6 Januari 2024 * Kembali','2024-02-16 09:33:12','2024-02-16 09:33:54','Pengalihan Izin Pemakaian Tanah','MARIA KURNIAWATI',NULL,NULL,'LANJUT',NULL,'lanjut ke opd','2024-05-26 18:55:23','2024-05-26 18:55:23',NULL),(332,1,6,'central','4643 / 7 Januari 2024 * OPD','2024-02-15 15:52:07','2024-02-16 08:14:00','Persetujuan SKRK Peresmian Pemutihan','WIDODO',NULL,NULL,NULL,'MENERUSKAN DARI OPD TEKNIS : Berkas dikembalikan ke pemohon dikarenakan Harap membuat Surat Pernyataan yang menyatakan bahwa setuju dan tidak keberatan alamat JL. GUBENG KLINGSINGAN II / 36 B Surabaya diganti menjadi JL. GUBENG KLINGSINGAN II / 36 Surabaya.','pengembalian ke OPD','2024-05-26 18:55:23','2024-05-26 18:55:23',NULL),(333,1,7,'central','5322 / 8 Januari 2024 * Kembali','2024-02-15 16:02:54','2024-02-16 09:22:00','Sarana-Perpanjangan Izin Praktik Dokter Umum/Gigi/Spesialis/Spesialis Gigi/PPDS/PPDGS','DR.RAUDATUL HIKMAH, MM, SPOG.',NULL,'81216000606',NULL,'mohon dokter lampirkan Surat Keterangan : dari Kepala Dinas Kesehatan setempat (untuk tenaga medis pemegang KTP diluar Kota Surabaya) dan fotokopi Surat Izin Praktik (SIP) di kota asal . terima kasih','Pengembalian dari PTSP','2024-05-26 18:55:23','2024-05-26 18:55:23',NULL),(334,1,6,'central','5471 / 8 Januari 2024 * Kembali','2024-02-15 16:01:28','2024-02-16 08:15:00','Perpanjangan Izin Pemakaian Tanah','TIO DENYS WINARTA',NULL,NULL,'LANJUT',NULL,'lanjut ke opd','2024-05-26 18:55:23','2024-05-26 18:55:23',NULL),(335,1,2,'central','5831 / 9 Januari 2024 * OPD','2024-02-16 07:47:46','2024-02-16 03:07:12','PBG Non Rumah Tinggal','WIRAATMAJA LOOKMAN',NULL,'81330846115',NULL,'meneruskan pending dari OPD teknis : gambar pPBG tidak sesuai kondisi lapangan (perjelas permohonan PBG, berdasarkan foto full bangunan, sedangkan pada gambar hanya sebagian bangunan).','Pengembalian dari OPD','2024-05-26 18:55:23','2024-05-26 18:55:23',NULL),(336,1,7,'central','7285 / 10 Januari 2024 * Kembali','2024-02-16 07:39:23','2024-02-16 08:07:00','Sarana-Izin Baru Praktik Dokter Umum/Gigi/Spesialis/Spesialis Gigi/PPDS/PPDGS','TINO KASHARA',NULL,NULL,'Berkas lengkap administrasi',NULL,'lanjut ke opd','2024-05-26 18:55:23','2024-05-26 18:55:23',NULL),(337,1,6,'central','7528 / 10 Januari 2024 * New','2024-02-16 14:08:11','2024-02-16 18:02:12','Perpanjangan Izin Pemakaian Tanah','HENDRA AMARTI',NULL,'81216766610','berkas lengkap sesuai persyarata',NULL,'Lanjut ke OPD','2024-05-26 18:55:23','2024-05-26 18:55:23',NULL),(338,1,2,'central','77444 / 12 Mei 2023 * Kembali','2024-02-16 13:58:55','2024-02-16 14:21:19','Baru SLF Bersyarat NRT Sederhana','KUSNADI HALIM',NULL,'8885719588',NULL,'mohon lampirkan Surat Pernyataan selesainya pekerjaan mendirikan dan/atau mengubah bangunan yang dibuat oleh pemohon atau tenaga ahli konstruksi bangunan','Pengembalian dari PTSP','2024-05-26 18:55:23','2024-05-26 18:55:23',NULL),(339,1,7,'central','83235 / 19 Mei 2023 * Kembali','2024-02-16 09:22:13','2024-02-16 10:53:00','Izin Baru Kerja Tenaga Radiografer - SIKR','M. IGHBAL ANSORI W.',NULL,'-','Berkas lengkap sesuai persyaratan administrasi',NULL,'Lanjut ke OPD','2024-05-26 18:55:23','2024-05-26 18:55:23',NULL),(340,1,7,'central','83315 / 19 Mei 2023 * Kembali','2024-02-16 08:17:38','2024-02-16 13:11:00','Sarana-Izin Baru Praktik Perawat - SIPP','MOHAMMAD ADIB',NULL,'85856760554',NULL,'(1) Mohon alamat sarana pada data entrian diberi tambahan KOTA (2) Mohon upload Copy Sertifikat legalisir ahli madya keperawatan (scan legalisir ASLI) (3) Mohon upload Surat Keterangan Sehat jasmani dan rohani dari dokter yang telah memiliki SIP yang masih berlaku (tulis no. SIP nya) beri catatan pengurusan SIP','Pengembalian dari PTSP','2024-05-26 18:55:23','2024-05-26 18:55:23',NULL),(341,1,6,'central','9373 / 12 Januari 2024 * Kembali','2024-02-16 14:19:35','2024-02-16 14:33:01','Perpanjangan Izin Pemakaian Tanah','PT. BANGUN USAHA MANDIRI DALAM HAL INI DIWAKILI OLEH YANTJE WONGSO',NULL,'87853713562','berkas lengkap sesuai persyarata',NULL,'Lanjut ke OPD','2024-05-26 18:55:23','2024-05-26 18:55:23',NULL),(342,1,6,'central','9643 / 12 Januari 2024 * Kembali','2024-02-15 15:05:50','2024-02-16 08:11:15','Perpanjangan Izin Pemakaian Tanah','DRG. NI LUH PUTU LENY PARWATY',NULL,NULL,'LANJUT',NULL,'lanjut ke opd','2024-05-26 18:55:23','2024-05-26 18:55:23',NULL),(343,1,7,'central','TANTIA THOFY A.MD. KEP','2024-02-15 22:04:43','2024-02-16 11:52:12','Dinas Kesehatan','Sarana-Izin Baru Praktik Perawat - SIPP',NULL,NULL,NULL,'Surat Keterangan dari fasilitas pelayanan kesehatan sebagai tempat kerja beserta copy ijin penyelenggaraan sarana kesehatan yang masih berlaku => Mohon upload surat keterangan kerja AN TANTIA THOFY A.MD. KEP + copy ijin operasional sarana terbaru (NIB beserta lampiran) dijadikan 1 file PDF','pengembalian ke OPD','2024-05-26 18:55:23','2024-05-26 18:55:23',NULL);
/*!40000 ALTER TABLE `documents` ENABLE KEYS */;
UNLOCK TABLES;

--
-- Table structure for table `failed_jobs`
--

DROP TABLE IF EXISTS `failed_jobs`;
/*!40101 SET @saved_cs_client     = @@character_set_client */;
/*!50503 SET character_set_client = utf8mb4 */;
CREATE TABLE `failed_jobs` (
  `id` bigint unsigned NOT NULL AUTO_INCREMENT,
  `uuid` varchar(255) COLLATE utf8mb4_unicode_ci NOT NULL,
  `connection` text COLLATE utf8mb4_unicode_ci NOT NULL,
  `queue` text COLLATE utf8mb4_unicode_ci NOT NULL,
  `payload` longtext COLLATE utf8mb4_unicode_ci NOT NULL,
  `exception` longtext COLLATE utf8mb4_unicode_ci NOT NULL,
  `failed_at` timestamp NOT NULL DEFAULT CURRENT_TIMESTAMP,
  PRIMARY KEY (`id`),
  UNIQUE KEY `failed_jobs_uuid_unique` (`uuid`)
) ENGINE=InnoDB DEFAULT CHARSET=utf8mb4 COLLATE=utf8mb4_unicode_ci;
/*!40101 SET character_set_client = @saved_cs_client */;

--
-- Dumping data for table `failed_jobs`
--

LOCK TABLES `failed_jobs` WRITE;
/*!40000 ALTER TABLE `failed_jobs` DISABLE KEYS */;
/*!40000 ALTER TABLE `failed_jobs` ENABLE KEYS */;
UNLOCK TABLES;

--
-- Table structure for table `instances`
--

DROP TABLE IF EXISTS `instances`;
/*!40101 SET @saved_cs_client     = @@character_set_client */;
/*!50503 SET character_set_client = utf8mb4 */;
CREATE TABLE `instances` (
  `id` bigint unsigned NOT NULL AUTO_INCREMENT,
  `parent_id` bigint unsigned DEFAULT NULL,
  `name` varchar(255) COLLATE utf8mb4_unicode_ci NOT NULL,
  `created_at` timestamp NULL DEFAULT NULL,
  `updated_at` timestamp NULL DEFAULT NULL,
  PRIMARY KEY (`id`),
  KEY `instances_parent_id_foreign` (`parent_id`),
  CONSTRAINT `instances_parent_id_foreign` FOREIGN KEY (`parent_id`) REFERENCES `instances` (`id`) ON DELETE CASCADE
) ENGINE=InnoDB AUTO_INCREMENT=15 DEFAULT CHARSET=utf8mb4 COLLATE=utf8mb4_unicode_ci;
/*!40101 SET character_set_client = @saved_cs_client */;

--
-- Dumping data for table `instances`
--

LOCK TABLES `instances` WRITE;
/*!40000 ALTER TABLE `instances` DISABLE KEYS */;
INSERT INTO `instances` VALUES (1,NULL,'Dinas Pendidikan','2024-05-26 18:55:22','2024-05-26 18:55:22'),(2,NULL,'Dinas Perumahan Rakyat dan Kawasan Permukiman serta Pertanahan','2024-05-26 18:55:22','2024-05-26 18:55:22'),(3,NULL,'Dinas Pemadam Kebakaran','2024-05-26 18:55:22','2024-05-26 18:55:22'),(4,NULL,'Dinas Lingkungan Hidup','2024-05-26 18:55:22','2024-05-26 18:55:22'),(5,NULL,'Dinas Kebudayaan, Kepemudaan dan Olah Raga serta Pariwisata','2024-05-26 18:55:22','2024-05-26 18:55:22'),(6,NULL,'Badan Pengelolaan Keuangan dan Aset Daerah','2024-05-26 18:55:22','2024-05-26 18:55:22'),(7,NULL,'Dinas Kesehatan','2024-05-26 18:55:22','2024-05-26 18:55:22'),(8,NULL,'Dinas Sumber Daya Air dan Bina Marga','2024-05-26 18:55:22','2024-05-26 18:55:22'),(9,NULL,'Badan Kesatuan Bangsa dan Politik','2024-05-26 18:55:22','2024-05-26 18:55:22'),(10,NULL,'Dinas Perindustrian dan Tenaga Kerja','2024-05-26 18:55:22','2024-05-26 18:55:22'),(11,NULL,'UPTD Metrologi Legal','2024-05-26 18:55:22','2024-05-26 18:55:22'),(12,NULL,'Dinas Koperasi Usaha Kecil dan Menengah dan Perdagangan','2024-05-26 18:55:22','2024-05-26 18:55:22'),(13,NULL,'Badan Pendapatan Daerah','2024-05-26 18:55:23','2024-05-26 18:55:23'),(14,NULL,'Dinas Perpustakaan dan Kearsipan','2024-05-26 18:55:23','2024-05-26 18:55:23');
/*!40000 ALTER TABLE `instances` ENABLE KEYS */;
UNLOCK TABLES;

--
-- Table structure for table `job_batches`
--

DROP TABLE IF EXISTS `job_batches`;
/*!40101 SET @saved_cs_client     = @@character_set_client */;
/*!50503 SET character_set_client = utf8mb4 */;
CREATE TABLE `job_batches` (
  `id` varchar(255) COLLATE utf8mb4_unicode_ci NOT NULL,
  `name` varchar(255) COLLATE utf8mb4_unicode_ci NOT NULL,
  `total_jobs` int NOT NULL,
  `pending_jobs` int NOT NULL,
  `failed_jobs` int NOT NULL,
  `failed_job_ids` longtext COLLATE utf8mb4_unicode_ci NOT NULL,
  `options` mediumtext COLLATE utf8mb4_unicode_ci,
  `cancelled_at` int DEFAULT NULL,
  `created_at` int NOT NULL,
  `finished_at` int DEFAULT NULL,
  PRIMARY KEY (`id`)
) ENGINE=InnoDB DEFAULT CHARSET=utf8mb4 COLLATE=utf8mb4_unicode_ci;
/*!40101 SET character_set_client = @saved_cs_client */;

--
-- Dumping data for table `job_batches`
--

LOCK TABLES `job_batches` WRITE;
/*!40000 ALTER TABLE `job_batches` DISABLE KEYS */;
/*!40000 ALTER TABLE `job_batches` ENABLE KEYS */;
UNLOCK TABLES;

--
-- Table structure for table `jobs`
--

DROP TABLE IF EXISTS `jobs`;
/*!40101 SET @saved_cs_client     = @@character_set_client */;
/*!50503 SET character_set_client = utf8mb4 */;
CREATE TABLE `jobs` (
  `id` bigint unsigned NOT NULL AUTO_INCREMENT,
  `queue` varchar(255) COLLATE utf8mb4_unicode_ci NOT NULL,
  `payload` longtext COLLATE utf8mb4_unicode_ci NOT NULL,
  `attempts` tinyint unsigned NOT NULL,
  `reserved_at` int unsigned DEFAULT NULL,
  `available_at` int unsigned NOT NULL,
  `created_at` int unsigned NOT NULL,
  PRIMARY KEY (`id`),
  KEY `jobs_queue_index` (`queue`)
) ENGINE=InnoDB DEFAULT CHARSET=utf8mb4 COLLATE=utf8mb4_unicode_ci;
/*!40101 SET character_set_client = @saved_cs_client */;

--
-- Dumping data for table `jobs`
--

LOCK TABLES `jobs` WRITE;
/*!40000 ALTER TABLE `jobs` DISABLE KEYS */;
/*!40000 ALTER TABLE `jobs` ENABLE KEYS */;
UNLOCK TABLES;

--
-- Table structure for table `migrations`
--

DROP TABLE IF EXISTS `migrations`;
/*!40101 SET @saved_cs_client     = @@character_set_client */;
/*!50503 SET character_set_client = utf8mb4 */;
CREATE TABLE `migrations` (
  `id` int unsigned NOT NULL AUTO_INCREMENT,
  `migration` varchar(255) COLLATE utf8mb4_unicode_ci NOT NULL,
  `batch` int NOT NULL,
  PRIMARY KEY (`id`)
) ENGINE=InnoDB AUTO_INCREMENT=8 DEFAULT CHARSET=utf8mb4 COLLATE=utf8mb4_unicode_ci;
/*!40101 SET character_set_client = @saved_cs_client */;

--
-- Dumping data for table `migrations`
--

LOCK TABLES `migrations` WRITE;
/*!40000 ALTER TABLE `migrations` DISABLE KEYS */;
INSERT INTO `migrations` VALUES (1,'0001_01_01_000000_create_users_table',1),(2,'0001_01_01_000001_create_cache_table',1),(3,'0001_01_01_000002_create_jobs_table',1),(4,'2024_05_07_192043_create_instances_table',1),(5,'2024_05_07_192113_create_documents_table',1),(6,'2024_05_22_100519_update_instances_table',1),(7,'2024_05_25_182129_update_documents_table',1);
/*!40000 ALTER TABLE `migrations` ENABLE KEYS */;
UNLOCK TABLES;

--
-- Table structure for table `password_reset_tokens`
--

DROP TABLE IF EXISTS `password_reset_tokens`;
/*!40101 SET @saved_cs_client     = @@character_set_client */;
/*!50503 SET character_set_client = utf8mb4 */;
CREATE TABLE `password_reset_tokens` (
  `username` varchar(255) COLLATE utf8mb4_unicode_ci NOT NULL,
  `token` varchar(255) COLLATE utf8mb4_unicode_ci NOT NULL,
  `created_at` timestamp NULL DEFAULT NULL,
  PRIMARY KEY (`username`)
) ENGINE=InnoDB DEFAULT CHARSET=utf8mb4 COLLATE=utf8mb4_unicode_ci;
/*!40101 SET character_set_client = @saved_cs_client */;

--
-- Dumping data for table `password_reset_tokens`
--

LOCK TABLES `password_reset_tokens` WRITE;
/*!40000 ALTER TABLE `password_reset_tokens` DISABLE KEYS */;
/*!40000 ALTER TABLE `password_reset_tokens` ENABLE KEYS */;
UNLOCK TABLES;

--
-- Table structure for table `sessions`
--

DROP TABLE IF EXISTS `sessions`;
/*!40101 SET @saved_cs_client     = @@character_set_client */;
/*!50503 SET character_set_client = utf8mb4 */;
CREATE TABLE `sessions` (
  `id` varchar(255) COLLATE utf8mb4_unicode_ci NOT NULL,
  `user_id` bigint unsigned DEFAULT NULL,
  `ip_address` varchar(45) COLLATE utf8mb4_unicode_ci DEFAULT NULL,
  `user_agent` text COLLATE utf8mb4_unicode_ci,
  `payload` longtext COLLATE utf8mb4_unicode_ci NOT NULL,
  `last_activity` int NOT NULL,
  PRIMARY KEY (`id`),
  KEY `sessions_user_id_index` (`user_id`),
  KEY `sessions_last_activity_index` (`last_activity`)
) ENGINE=InnoDB DEFAULT CHARSET=utf8mb4 COLLATE=utf8mb4_unicode_ci;
/*!40101 SET character_set_client = @saved_cs_client */;

--
-- Dumping data for table `sessions`
--

LOCK TABLES `sessions` WRITE;
/*!40000 ALTER TABLE `sessions` DISABLE KEYS */;
INSERT INTO `sessions` VALUES ('9YyznheBup5wztAJWdYRvh4GpTpZE6hW5CGPY35p',1,'127.0.0.1','Mozilla/5.0 (X11; Linux x86_64) AppleWebKit/537.36 (KHTML, like Gecko) Chrome/125.0.0.0 Safari/537.36','YTo1OntzOjY6Il90b2tlbiI7czo0MDoiMHB6VHd1WDZvbFlrbE1Qb1NjN1RoUGxpc0I0SWZOUlZJVmU2ckdvUiI7czo2OiJfZmxhc2giO2E6Mjp7czozOiJvbGQiO2E6MDp7fXM6MzoibmV3IjthOjA6e319czozOiJ1cmwiO2E6MDp7fXM6NTA6ImxvZ2luX3dlYl81OWJhMzZhZGRjMmIyZjk0MDE1ODBmMDE0YzdmNThlYTRlMzA5ODlkIjtpOjE7czo5OiJfcHJldmlvdXMiO2E6MTp7czozOiJ1cmwiO3M6Mjk6Imh0dHA6Ly9sb2NhbGhvc3Q6ODAwMC9iYWNrdXBzIjt9fQ==',1716732225);
/*!40000 ALTER TABLE `sessions` ENABLE KEYS */;
UNLOCK TABLES;

--
-- Table structure for table `users`
--

DROP TABLE IF EXISTS `users`;
/*!40101 SET @saved_cs_client     = @@character_set_client */;
/*!50503 SET character_set_client = utf8mb4 */;
CREATE TABLE `users` (
  `id` bigint unsigned NOT NULL AUTO_INCREMENT,
  `name` varchar(255) COLLATE utf8mb4_unicode_ci NOT NULL,
  `username` varchar(255) COLLATE utf8mb4_unicode_ci NOT NULL,
  `password` varchar(255) COLLATE utf8mb4_unicode_ci NOT NULL,
  `role` enum('admin','user') COLLATE utf8mb4_unicode_ci NOT NULL DEFAULT 'user',
  `remember_token` varchar(100) COLLATE utf8mb4_unicode_ci DEFAULT NULL,
  `created_at` timestamp NULL DEFAULT NULL,
  `updated_at` timestamp NULL DEFAULT NULL,
  PRIMARY KEY (`id`),
  UNIQUE KEY `users_username_unique` (`username`)
) ENGINE=InnoDB AUTO_INCREMENT=2 DEFAULT CHARSET=utf8mb4 COLLATE=utf8mb4_unicode_ci;
/*!40101 SET character_set_client = @saved_cs_client */;

--
-- Dumping data for table `users`
--

LOCK TABLES `users` WRITE;
/*!40000 ALTER TABLE `users` DISABLE KEYS */;
INSERT INTO `users` VALUES (1,'Rahmat Hidayatullah','erha','$2y$12$pC5dQc6HFoczyYHsO/GELuK0XC1/fve6jZYKadCbU4nxynN5rkrv6','user',NULL,'2024-05-26 18:55:05','2024-05-26 18:55:05');
/*!40000 ALTER TABLE `users` ENABLE KEYS */;
UNLOCK TABLES;
/*!40103 SET TIME_ZONE=@OLD_TIME_ZONE */;

/*!40101 SET SQL_MODE=@OLD_SQL_MODE */;
/*!40014 SET FOREIGN_KEY_CHECKS=@OLD_FOREIGN_KEY_CHECKS */;
/*!40014 SET UNIQUE_CHECKS=@OLD_UNIQUE_CHECKS */;
/*!40101 SET CHARACTER_SET_CLIENT=@OLD_CHARACTER_SET_CLIENT */;
/*!40101 SET CHARACTER_SET_RESULTS=@OLD_CHARACTER_SET_RESULTS */;
/*!40101 SET COLLATION_CONNECTION=@OLD_COLLATION_CONNECTION */;
/*!40111 SET SQL_NOTES=@OLD_SQL_NOTES */;

-- Dump completed on 2024-05-26 14:04:20
